worm,frame,posCentroidX,posCentroidY,a_1,a_2,a_3,a_4,a_5,meanTheta,maxArclen,posHeadX,posHeadY,posTailX,posTailY,area,Speed,AngularVelocity,VelocityTailToHead,posMidlineX,posMidlineY,velocityMidline,a_1r,a_2r,a_3r,a_4r,a_5r,posMidlineRevX,posMidlineRevY,velocityMidlineRev,direction_angle,cos_direction,sin_direction,direction_angle_velocity,led,sec_Time,mm-sec_Speed,rad-sec_AngularVelocity,mm_maxArclen,mm-sec_VelocityTailToHead
25,576,935.808510638298,670.869300911854,0.46729273236337615,0.37452178969063354,0.39478950966908855,0.5864841805028275,0.5397379998417059,1.34782823695175,76.8700576850888,922.0,643.0,935.0,706.0,658,0.3980882788420467,0.476474506751717,0.6866032119648888,936.9823200948649,673.571908790619,2.7054519792894602,1.5237700166003,2.3805135494116296,3.1495503990852796,1.7259523884434,0.10412759468207901,938.9552607541541,669.7831969219719,-2.73175136289284,0.21836676634087948,0.39895423563606575,0.010316680390164534,0.4877484240961393,1,115.2,0.15538333769485282,-0.7410530373209151,0.8001123728730342,0.15538278083926418
25,577,935.6521084337351,670.010542168675,0.47534655074168025,0.364135738039726,0.3852359373819706,0.5618851561788797,0.5681463726775419,1.3275709419988402,76.8700576850888,921.0,643.0,935.0,705.0,664,0.11638466707560334,0.5041299867018462,0.5545073609282946,936.7432100678669,672.239290340589,1.3533640877639899,1.85502120732267,2.67630221531142,3.2703099949276697,1.55152092035741,-0.119445594864527,938.550289760337,668.857943869466,-0.980756025838757,0.21541615417454335,0.38986956428267827,0.012279498966146718,0.49704938783366387,0,115.4,0.04542770784237772,0.1300945811081535,0.8001123728730342,0.04538777884938811
25,578,935.4161490683231,668.875776397516,0.4732804596276035,0.3453152751015885,0.37718240333448233,0.5191111774563713,0.5105418099387918,1.32288073178427,77.28427124746192,920.0,643.0,934.0,704.0,644,0.154538462815064,0.49605336451322235,0.5724245554374668,936.850616339071,671.3605176096411,0.848755249398897,1.9444816189333098,3.12927509873187,3.57742591349818,1.01810289039138,0.242292813571673,937.6737392972951,668.165480439774,-0.8178229409734921,0.21485752847128245,0.3881537946405597,0.01267010521958134,0.49944137429673907,0,115.60000000000001,0.06032004314290373,-0.1243190178334965,0.8044237706558257,0.06030726216566152
25,579,934.532710280374,665.901869158879,0.5044016112784901,0.37625715457493797,0.36832593503167116,0.4600090083646506,0.5634839164622701,1.21989769811448,76.4558441227157,917.0,642.0,937.0,701.0,642,0.41364694244828126,0.486707099092723,0.6937565392306857,936.794279519218,667.133136961612,4.21654229955215,2.80393888560726,2.81616005813775,3.24600625135965,0.39119559122305797,-0.54885859924308,936.564647839194,664.51016581693,-3.6972343872537703,0.19879000321827978,0.33948035942105104,0.026467060292100664,0.4839324747469973,1,115.80000000000001,0.16145625470773328,-0.418726378579226,0.795800975090243,0.16133929075733563
25,580,934.059907834101,664.336405529954,0.5027803742840894,0.41122225131597945,0.36362170062868027,0.3439307585739684,0.48763541229125634,1.1739464260969,77.28427124746192,914.0,640.0,937.0,698.0,651,0.21804050700880537,0.4992779046453781,0.6018442212632756,938.037402908279,663.115859640017,3.9978915611048995,3.0367715722307302,2.36051189118694,3.45037975832739,-1.16299734655806,-0.366094627679156,934.721162997988,661.567656241666,-2.92988962088227,0.19074182187008973,0.31568713985843855,0.035211048338671,0.4919518186518099,0,116.0,0.08510640361041368,-0.02274600367059065,0.8044237706558257,0.08480474770860151
25,581,933.0889967637539,662.056634304207,0.4961529193057632,0.4513682393771183,0.3814378355382327,0.3180987776717025,0.5599570828095669,1.1846409638709499,75.698484809835,915.0,638.0,938.0,697.0,618,0.33038765508996004,0.48264969376417777,0.6547952474578006,938.1141666789371,662.168733290121,0.941774858861147,2.67558655828173,1.5402369235333402,3.1003125298362897,-1.51177737271479,-0.8853686986777339,934.520437535409,660.881125454794,-0.6871488554385521,0.19166582906135213,0.3183958979667262,0.03414599913203681,0.5009240071912624,0,116.2,0.12895817161555564,-0.5465346464284,0.7879178984386168,0.12889658091855793
25,582,932.5739268680451,661.330683624801,0.4931880278247933,0.5212745529921998,0.3984248277294856,0.3404893637522992,0.5137371193328786,1.12894408036947,72.698484809835,914.0,636.0,940.0,693.0,629,0.11868175083126387,0.46595808611334333,0.5546400269366685,938.183039478443,659.3420915611099,2.79495362478642,2.46349602435944,0.10270424759224199,2.6350219749464503,-1.58830946298903,-0.5601150388022379,934.196323256891,657.782154787033,-3.11587355525512,0.18273891696565417,0.2924974100384183,0.04509047585345538,0.49107308790430204,0,116.4,0.046324314348747085,-1.0723202874296849,0.7566919934386168,0.04549824861615642
25,583,932.1599353796449,660.5395799676901,0.4975993372168872,0.5005111087788677,0.38961968492363763,0.3847902402852792,0.4659638548903809,1.11397971350701,73.698484809835,913.0,637.0,940.0,694.0,619,0.11905061099382279,0.5214222755828622,0.5557609007775529,938.236971930215,660.428471049582,-1.08399497933302,2.6495594719798197,0.489219750749991,2.76025625406947,-1.06069858574884,-0.192885728016841,934.706401267159,658.175528021395,0.4551229555899029,0.1804491190838664,0.2859568276304776,0.048131080553230676,0.49771020211821226,1,116.60000000000001,0.046468289256442905,0.67480168086016,0.7671006284386168,0.04643158996935559
25,584,930.916041979011,658.383808095952,0.45261253098670545,0.5881836162034679,0.43607401659261325,0.3480765684610975,0.4547733667966815,1.1597685480809499,75.698484809835,914.0,630.0,940.0,692.0,667,0.3318533318632547,0.49345709712028474,0.6543179668161206,938.060294515708,656.046233644912,4.23932230013543,1.13503477277651,-1.46893317479054,2.3352389106975098,-1.88980437269537,-0.27518909464150104,933.059376629018,655.330409255485,-3.20656593127917,0.18763876634605095,0.3066366618746629,0.03890280908573457,0.5071896472621845,0,116.80000000000001,0.12953026017259328,-0.2061014407110305,0.7879178984386168,0.1284991537115764
25,585,930.5584,657.328,0.45749120847035546,0.5678328410748484,0.4283278114857203,0.36784469872737335,0.44640577391869385,1.14385769238443,71.9411254969543,914.0,632.0,940.0,690.0,625,0.14863159649899865,0.531227621993736,0.5693581434700243,937.6845993754289,656.8054558497889,-0.61461625154814,1.31938232556299,-1.0852294729268102,2.4487166256057202,-1.6277717270032002,0.0876667915541157,933.6666508128301,655.182475621576,0.045670453563248004,0.183775312113857,0.2954720479535454,0.043745337742524315,0.4961365457678061,0,117.0,0.05801445251818778,0.9836700928026849,0.7488089167869909,0.057753889082299656
25,586,929.418897637795,654.977952755906,0.40798998575809203,0.613602054676178,0.470660774694662,0.42515485124888225,0.4575043093756065,1.1553294284357098,73.9411254969543,914.0,627.0,940.0,687.0,635,0.34823204735912666,0.4801784120276027,0.6630858551860869,935.654146452082,653.224624852754,4.10275760653785,-0.34801903284303704,-2.40082730313734,2.1728516998064,-1.16698914647145,0.11076592805951599,931.885264145918,651.60324214434,-3.9513345929221497,0.1857612451197108,0.3011962811828498,0.04122218734503791,0.5019859330058537,1,117.2,0.13592326297163523,-0.624380021130515,0.7696261867869909,0.1358000938329605
25,587,928.4442724458198,652.9984520123841,0.3816950686218825,0.630960369841101,0.5025645645229332,0.42639052076044126,0.4965179756066079,1.18251664258726,74.52691193458121,916.0,625.0,940.0,685.0,646,0.29419018666115737,0.4990422751604244,0.6374929380743213,934.566903886362,651.279670872433,2.16509514638408,-1.47316093209791,-2.9403355174720605,1.83378266346567,-1.18375209230695,-0.282431155426901,930.171694283716,649.972385515621,-2.36132619782546,0.19026941207821246,0.31430466182294814,0.03576165455737035,0.5045081669585016,0,117.4,0.11482943746409599,-0.03016833244663175,0.7757234240041996,0.11448910679934403
25,588,928.199021207178,652.1321370309951,0.3864325300374758,0.613058976602714,0.4991393071788174,0.46615867051700394,0.4539162135536834,1.17476746543452,73.76955262170041,915.0,624.0,940.0,684.0,613,0.12004812494510855,0.5288314150673179,0.5558751729321132,933.625433643107,651.14073165388,0.7456420894088629,-1.3997711239291497,-2.63114236848499,1.8321452475432602,-0.768792486091946,0.24490957840210895,930.61905221105,649.278085143205,-0.18092805503888604,0.18800199261989553,0.3076923076923077,0.038461538461538436,0.4977325805416831,0,117.60000000000001,0.04685764271241206,0.9081895746205149,0.7678403473525727,0.04652674334298249
25,589,926.819620253165,649.0316455696201,0.3651246677975896,0.5427351226893307,0.5303550854289139,0.5646823665761252,0.3897336254570861,1.2021832093855702,76.18376618407349,915.0,619.0,939.0,681.0,632,0.4524657245506706,0.47734534930123296,0.7118359397069113,929.4124797450501,649.299858446214,4.5105260758617405,-2.80253299659229,-1.61700322814107,1.4775721895521299,0.36749637095618104,0.8713996731007329,928.000508988692,646.422092951344,-3.73122137450255,0.19204285960817105,0.31950294872114393,0.0337159508629552,0.5040408669882755,0,117.80000000000001,0.17660815002568553,-0.71362149701116,0.7929690151353638,0.17639384149267473
25,590,925.8479623824451,646.98119122257,0.3697774825161025,0.5050468158369992,0.5285390502136881,0.6379508418828759,0.418516846520793,1.1773635505951399,75.35533905932729,914.0,618.0,939.0,679.0,638,0.302536889859112,0.4962020697040735,0.6416107101421012,927.7816838864329,648.701999686373,1.70910646858424,-2.83989937813881,-0.965186221524104,1.41856863612697,1.43068191653397,0.680898954018786,927.7379497096001,645.725210801155,-0.5606948659320891,0.18892806238509466,0.310388291258059,0.037347430669664006,0.4968852027769236,0,118.0,0.11808735454072786,-0.11963480432168451,0.7843462195697811,0.11791793778256576
25,591,924.3853503184711,643.859872611465,0.4094286909840967,0.3828244077357555,0.5231780398998553,0.645554340565725,0.44424080956295886,1.12794818177368,75.35533905932729,910.0,615.0,938.0,675.0,628,0.45960106221162395,0.5006866557733719,0.7154377302006094,922.777547238581,646.886168522016,5.1821347030685,-2.51577037684226,1.5381768870765902,1.0474602801444202,1.8842767982161,0.8538596304531229,923.4591231058271,643.675028062121,-4.71879890764009,0.18136135133199394,0.288557267334438,0.04690843000236733,0.49243328894689925,0,118.2,0.1793932422784987,0.0216296568612151,0.7843462195697811,0.17939301935793325
25,592,923.720125786164,642.529874213836,0.43583825404368753,0.3485473385435365,0.5044835916944703,0.64353616006139,0.5073032532387971,1.08154239329062,76.9411254969542,907.0,614.0,938.0,674.0,636,0.19827789325214,0.49593976124294337,0.5929347769913357,921.462373005995,645.930711602452,1.6252915052586,-1.75057224230087,2.3742551889303796,1.07907223983453,2.120152079901,0.31879354082538297,922.2392771110741,642.706723769724,-1.55719432459229,0.17497012786342353,0.27048997406183106,0.0557870465712858,0.4936087765314296,0,118.4,0.0773925847157275,-0.1278975208472845,0.8008520917869898,0.07738593528769329
25,593,922.733547351525,640.690208667737,0.4351104361254133,0.35038297722958045,0.5186560778147269,0.5941080229632558,0.4213094689900601,1.09418099540162,71.11269837220809,909.0,615.0,937.0,671.0,623,0.2783349326644787,0.4954814931369014,0.6304161359859219,921.862995965623,645.136248430336,0.188737376176853,-2.10678468706518,2.4010697678875403,0.8118148264521999,1.3462148428947198,0.792157564712979,921.129299522107,642.647870439219,-0.9174172083520721,0.17707239114353923,0.27639320225002106,0.05278640450004207,0.5021022632801158,0,118.60000000000001,0.10864075415704208,-0.142332966187606,0.740186121221408,0.10859631869368426
25,594,920.859784283513,637.676425269646,0.5313684218602898,0.286566122522964,0.4542108748092409,0.5393048551036814,0.4935458531539363,0.958259095292646,77.18376618407349,901.0,615.0,937.0,668.0,649,0.47317139775781336,0.48984198296817905,0.7216179757128982,918.234601794285,641.788187077373,4.69843029853126,0.7971953569190291,4.3097665034746,0.8269542242616971,1.1724243312062401,0.284727757553757,917.678823978127,637.825696212019,-5.88946447681071,0.15595925036949024,0.21905848220848306,0.08639165436248902,0.478886859225951,0,118.80000000000001,0.18469006748756914,-0.3199775365023605,0.8033776501353638,0.18453925303664134
25,595,920.37893081761,636.817610062893,0.5577864324738125,0.291342551843217,0.4255835748916841,0.512644154938687,0.4734706156644936,0.9017968616099741,76.5979797464466,899.0,616.0,937.0,667.0,636,0.13123574140677294,0.5072746884511592,0.560998133196354,917.906905965289,639.099606710587,2.6211744793579,1.93730861257909,4.46787608014594,1.07151411892367,0.8817973224788951,0.34836768295187504,917.84065501131,636.636026811089,-1.04946325745453,0.14902336637051755,0.20125933873226293,0.09905858619330032,0.4930641160010273,0,119.0,0.05122443590642378,0.22915268621151352,0.7972804129181551,0.05079258530574875
25,596,918.6009389671359,634.54303599374,0.6004436361454554,0.3534264789611165,0.4175696385674985,0.4557904007178633,0.504558691292857,0.8418131871355391,74.0121933088197,897.0,615.0,937.0,662.0,639,0.3849373332297494,0.47570539378076127,0.6802829618676469,917.7284541293809,635.550791845432,3.5189322820787,3.08188167125252,3.5811519463641805,0.487712456946629,0.12494961732372802,-0.118064645354282,916.227176267348,633.2221615755581,-3.6377342916765296,0.1387448135064558,0.17594068523582096,0.11923030515208971,0.48972144713593824,0,119.2,0.1502502103668487,-0.7652800959060201,0.7703659057009465,0.15011996662846774
25,597,917.64496124031,633.497674418605,0.5695606664438734,0.343307188277352,0.4220074560957397,0.4030401502769158,0.49081311202311934,0.87598231193262,76.18376618407349,895.0,614.0,936.0,663.0,645,0.18887617281441202,0.48773093872580137,0.58844992562742,917.5947935633199,636.002152681819,-0.403302040774375,2.4422888322161604,3.71858490072627,0.9785849570715078,-0.487401484494584,-0.107702335643255,915.8360200534199,633.6433984201329,0.31754996180330797,0.14007323677382422,0.17913868366315788,0.11653159754865205,0.5013284232673685,0,119.4,0.07372286927990145,-0.3864754301372565,0.7929690151353638,0.07365144074583567
25,598,917.0610687022901,632.609160305343,0.583919413698765,0.414965328638648,0.4135986835973585,0.3789194561714775,0.532813913243246,0.8255585675930351,77.5979797464466,892.0,613.0,937.0,662.0,655,0.14175959778095332,0.5252978287194244,0.5655853145399469,917.7140040180001,633.339850311551,2.5927799425413,3.16208248947353,2.4654467287768798,0.83836759157938,-0.852509976165047,-0.6325227098840179,915.3506138777541,631.639937528378,-2.0541445824392097,0.13275127689324434,0.1617975002116605,0.1317350557860303,0.4926780401194201,1,119.60000000000001,0.055332147727525226,0.79688160466187,0.8076890479181551,0.05461228908188502
25,599,915.172876304024,630.500745156483,0.5945107062162029,0.4503531562499499,0.42412394161673733,0.36743719710941664,0.5082820792707955,0.830718033628284,69.5979797464466,894.0,612.0,935.0,657.0,671,0.37737537982027997,0.47635525023505354,0.6768882154121838,917.352087662139,631.32276995684,2.0473778857024,3.22271337832832,1.7977906782666497,0.377752269212863,-1.20818624672907,-0.271519280388515,915.197878354334,630.363766107334,-1.28527265646765,0.13337835573946955,0.16325500190814823,0.13040183136260164,0.5006270788462251,1,119.80000000000001,0.14729859982540258,-0.7448096175958151,0.7244199679181551,0.14729319243235506
25,600,914.293853073463,629.559220389805,0.5625122477179209,0.5265979745297102,0.4353653777541585,0.29672560559832667,0.5259426163294758,0.837052767672925,74.8406204335659,891.0,608.0,935.0,657.0,667,0.17174403311039332,0.4967096721555793,0.580489875866015,917.900748056435,628.139659525224,3.01004076559574,2.72937277093152,0.295199605010319,0.603087794718265,-2.19417617336255,-0.808589418610641,913.584170813589,628.238690512637,-2.36901273469952,0.13452654589061705,0.1659373131910601,0.12797564423549884,0.5011481901511475,0,120.0,0.0670357870658552,-0.103645327099251,0.7789887012665292,0.06702318041461074
25,601,912.616113744076,627.88467614534,0.551787123123962,0.5753015966479205,0.4443269700212382,0.33717265992577916,0.4646963056402775,0.8389700240590219,72.8406204335659,891.0,607.0,934.0,655.0,633,0.31605646989235064,0.494401461163414,0.6479205297563038,918.093748095986,627.248687942331,0.8160548212363149,2.49954160522581,-0.7899421777258149,0.476237970506548,-2.03070744237994,-0.17678874403295897,913.8871300152811,626.759712728727,-1.3553354045395902,0.13471355117489028,0.1663758392073802,0.12758233213847098,0.5001870052842732,0,120.2,0.1233643686640973,-0.176353973352459,0.7581714312665292,0.12317206662592883
25,602,911.7802197802199,626.874411302983,0.5359673733661767,0.6179936280448189,0.4584409130560344,0.34464717401147,0.4839790640765545,0.849735477557115,73.8406204335659,891.0,605.0,934.0,654.0,637,0.1748321745376787,0.5150991074582667,0.5819180135183313,917.846468637735,625.872985546549,1.38338925066156,2.0650202469925203,-1.7423296714177599,0.34004278302108104,-2.06926939739014,-0.265983457956559,913.5996196584109,625.470965755663,-1.31321967584425,0.13633820208603822,0.17020505479563064,0.12418715546478853,0.5016246509111479,1,120.4,0.06824116222445346,0.4756218849354,0.7685800662665292,0.06821237752167827
25,603,910.806938159879,625.745098039216,0.49652176812259247,0.645497694585325,0.4861562141335595,0.40402689335462333,0.38365252809559736,0.8875828486070431,77.254833995939,890.0,600.0,933.0,653.0,663,0.19877963500487064,0.4968098477235333,0.593136808587475,916.659843674103,623.723246185357,2.45549005274091,0.823683273691072,-2.59853676534573,0.276879788078002,-1.70646524238825,0.5012545870168471,912.217418858571,622.719281049092,-3.06799212323137,0.14247584924836476,0.18497957156620148,0.1117190068141552,0.5061376471623266,1,120.60000000000001,0.07758842647330683,-0.10048979670870051,0.8041173690493204,0.07755416514234037
25,604,910.84880239521,625.4745508982039,0.5187490706511412,0.608685533367841,0.47558110911550894,0.41935710342046045,0.3967560329243251,0.8797018897293399,75.08326112068521,890.0,601.0,933.0,653.0,668,0.0365022665255764,0.6372772087182531,0.5113635806270075,916.5570110702389,625.23669937896,-1.3329627403931101,1.3048984161483799,-1.80704554861352,0.18994023687394299,-1.41387564336384,0.583469360025177,912.738959011736,623.550571348107,0.977665849804091,0.1409937214607463,0.18136782010234764,0.11467736384469951,0.49851787221238153,0,120.80000000000001,0.014247704108921106,4.32423207462497,0.7815142596149033,0.009462349224984668
25,605,910.8497652582159,625.175273865415,0.5218262506758865,0.6214492669061304,0.4789508400059631,0.48712323433056426,0.44348329629391936,0.8573249271786509,75.9116882454314,889.0,600.0,934.0,652.0,639,0.039903810892374526,0.4761421782730914,0.5141046152759894,915.763679310293,625.138335136931,0.465292166048726,1.31350702538724,-2.15788828431847,-0.039589447992964995,-0.578836245389716,0.239393825633621,913.1961088719361,622.730893293161,-0.481858120060855,0.13743580558642587,0.17281162778052922,0.12191565876861149,0.4964420841256796,1,121.0,0.015575407900069234,-0.7515213843976201,0.7901370551804859,0.011744783603529657
25,606,910.094594594595,624.265765765766,0.5160381433104122,0.610984159221975,0.4626845076483721,0.5284240057182185,0.4820360718079235,0.828351421520563,73.4974746830583,887.0,601.0,932.0,650.0,666,0.15762051273846397,0.38949735115770157,0.5737925694728682,914.576007304718,624.058793675146,1.54336762814572,1.5750012581114798,-2.03982447068377,0.4260372364331839,0.0170253490176188,0.273413320470442,912.9316214617951,620.911140249579,-1.67427118400371,0.13275127689324434,0.1617975002116605,0.1317350557860303,0.49531547130681847,1,121.2,0.06152304064243592,-3.4808334385324002,0.7650083873976945,0.06144639488909924
25,607,909.2062780269059,623.242152466368,0.5022618351786944,0.597169499513285,0.4562525086790671,0.5952701485910317,0.4579816360899171,0.806687735407203,74.9116882454314,884.0,600.0,931.0,649.0,669,0.18070924522300266,0.49653935819502404,0.5846023723058719,912.9733619620599,622.788802112546,1.98654211609148,1.4317021433619899,-1.92243837422557,0.7746296444312709,0.8176223683315991,0.647393107420915,912.431269824899,618.9000896846389,-1.86771790934651,0.12930727457839242,0.15388740813531726,0.13915921273681997,0.4965559976851481,1,121.4,0.07053512290475915,-0.109010216856742,0.7797284201804859,0.07044761843091224
25,608,908.756390977444,622.825563909774,0.49910862368588965,0.5844244498078185,0.4527156711067071,0.5895331334051375,0.38682915240514615,0.8059957777145842,76.9116882454314,883.0,600.0,931.0,650.0,665,0.08175240481770961,0.4826892656751293,0.5382551752284891,913.071675951496,622.673467631804,0.0321789032056899,1.40799744181996,-1.6865021333048502,0.9507961023606,0.650205614512849,1.29654206874173,912.202330176615,618.6327804471599,-0.35194270624032403,0.12923981595145922,0.15373408590514326,0.13930633948452426,0.4999325413730668,1,121.60000000000001,0.03190991094263482,-0.545288131233425,0.8005456901804859,0.03185473307723354
25,609,907.5597014925369,621.425373134328,0.49335584886899203,0.559651766810192,0.4452703337860641,0.6699209884188916,0.47138538928497964,0.7756395285422081,76.4974746830583,881.0,600.0,930.0,648.0,670,0.245586823060552,0.5185102928807308,0.6146681670210881,910.999615993783,622.295141048908,1.71846342250693,1.3953963734678603,-1.3566869509714,1.17292093490674,1.83029234461925,0.8714169668195381,911.654250928964,616.8845822999231,-1.6072910341621203,0.12436453915260505,0.14282070931244067,0.15011008259177855,0.49512472320114587,1,121.80000000000001,0.09585838691865874,0.58307422574302,0.7962342923976945,0.09548312956601415
25,610,905.65,619.287878787879,0.4729932595794131,0.5331804238745512,0.431841192864675,0.6696835932725816,0.5664217360951784,0.7550399717702049,77.08326112068521,878.0,600.0,928.0,647.0,660,0.38217719849894405,0.49651124779847616,0.6784657886483907,909.464908532034,620.735582011893,2.17628719946782,1.30315004865341,-0.918337493285453,1.8614063653365,2.1429557439269598,0.222084019045624,910.1323016984801,615.231726627697,-2.22853689674131,0.12109325876898608,0.13568616554899637,0.15754499561605662,0.49672871961638104,0,122.0,0.1491728640350061,-0.109895694348001,0.8023315296149033,0.14860682317771193
25,611,905.476043276661,619.19629057187,0.4523532164825366,0.5153505970830804,0.43253306012338766,0.6261398161158617,0.6120469207017872,0.765779131492212,76.08326112068521,877.0,599.0,926.0,646.0,647,0.026212581510518404,0.44333320851511854,0.511808814478275,908.422695525783,619.219138723891,1.7329836258347198,0.9033925334408441,-0.600291339625068,2.2548882130843597,1.79557198531063,-0.307615318359527,908.2132494216802,614.538912699241,-1.9400117710884,0.1226944745668949,0.13915921273682003,0.1538874081353172,0.5016012157979088,0,122.2,0.010231394947246912,-1.7850039317737652,0.7919228946149033,0.009833091363907372
25,612,905.209856915739,619.011128775835,0.46136216339556285,0.5183599223452435,0.42970627817069884,0.62565944415939,0.6140603445060395,0.7554885353278109,78.4974746830583,876.0,599.0,927.0,647.0,629,0.043233745966079866,0.5195478017220219,0.5200462665428475,908.552284883819,619.511504265551,-0.28144553113277004,1.1291892313501102,-0.607569088682557,2.1665407289454497,1.79067826265558,-0.268735392008853,908.393063630166,614.567200389959,0.156420226404421,0.12119234125220313,0.1359000036535985,0.15731765049750457,0.4984978666853082,0,122.4,0.016875160878389882,0.61575575424369,0.8170515623976945,0.016692342045317183
25,613,904.9283439490449,618.692675159236,0.44782924993661877,0.5276216567230452,0.43690456882953527,0.6087932588959292,0.6222874512086877,0.7749584576951508,75.08326112068521,878.0,599.0,926.0,646.0,628,0.056672510497447724,0.5379552995920162,0.5264963747103021,909.009063223412,619.241226499621,-0.21370340015757502,0.7767138859696341,-0.830555674218884,2.22632725207079,1.593905599317,-0.495356848788877,908.392950424018,615.0519924946799,0.298255014691234,0.12433009250411581,0.14274478675325292,0.1501876036958935,0.5031377512519126,0,122.60000000000001,0.022120630786353894,1.19559193714851,0.7815142596149033,0.02206328787856324
25,614,903.4102141680389,617.069192751236,0.42745461066363005,0.5262516294812791,0.44996229192933707,0.5501444292002525,0.7086957006153825,0.79589394425418,73.66904755831209,878.0,597.0,924.0,644.0,607,0.2963605360160813,0.4955600733585487,0.6388829907727106,907.659308652827,617.571191751921,2.02304496769887,0.15673141479341,-0.8433252652748321,2.3065752872527003,1.06393902145496,-1.30799342366247,906.011606464613,614.542733188427,-2.22329268735169,0.12770758469821525,0.15026847621593542,0.1426656170032385,0.5033774921940994,0,122.80000000000001,0.11567657651504443,-0.1398576892057155,0.7667942268321117,0.11564659091504888
25,615,902.3870458135859,616.194312796209,0.40830397680956754,0.4979679604113037,0.45244044254458027,0.506137860933328,0.577977168781629,0.816990001843255,75.08326112068521,876.0,595.0,922.0,644.0,633,0.1794950159512627,0.48230310899390505,0.5836340340224468,906.7165510350541,615.7053878043209,1.7649339913159299,-0.34288140470750605,-0.271551524219868,2.67131361690983,0.436532062188084,-0.622138116255647,903.743526449289,613.3548680576951,-2.54999194048631,0.13101174068181476,0.15778204579183458,0.1354634835608674,0.5033041559835995,0,123.0,0.07006118029705778,-0.55745206669199,0.7815142596149033,0.06964129203552305
25,616,901.831987075929,615.389337641357,0.3991338222988779,0.5127268382314731,0.46161273703279826,0.49663035019156343,0.6078412540463853,0.837787223667514,74.4974746830583,877.0,594.0,922.0,644.0,619,0.13037213077633372,0.5412219858239524,0.5606030024966916,906.628874398865,615.311613801213,0.26788412505397197,-0.6422416882235831,-0.629884531279798,2.5956903709645895,0.282451193710509,-0.7674937447794251,903.9860272947659,613.637738555772,0.354950695205576,0.13434739228866613,0.16551763418877513,0.12835292687641686,0.5033356516068513,0,123.2,0.050887348106158144,1.2984925534545,0.7754170223976945,0.050463563601020174
25,617,899.676236044657,613.314194577353,0.38397411937667253,0.5010047891030455,0.49280775839079494,0.43244403636723194,0.6325510069427888,0.8397910759360041,72.254833995939,877.0,591.0,920.0,639.0,627,0.39896491062449196,0.46813015323767493,0.6865038211326832,903.8774084404379,612.795054346543,3.52556534306458,-1.6721038120943899,-0.41263327527501203,2.18579932220223,-0.418095326702627,-1.3616095493622802,899.720297044234,612.411377036442,-4.3540049113286505,0.13471355117489028,0.1663758392073802,0.12758233213847098,0.5003661588862242,0,123.4,0.15572550796091028,-1.00390017301324,0.7520741940493204,0.15530001900609194
25,618,898.782113821138,612.390243902439,0.38421537058219335,0.4830240222132197,0.5010523826066762,0.4094696110020042,0.5795043516537062,0.830314896068802,69.8406204335659,877.0,591.0,919.0,637.0,615,0.17143262493928665,0.5056277911884884,0.5803252120961356,902.8647946799471,612.340627192837,1.10968441819131,-1.93988363492218,-0.0245555082006807,2.0435172703134,-0.7583288345179979,-1.04684990355868,898.3048409081531,612.357535956919,-1.29826209565504,0.13321091892527492,0.16286531798933385,0.13075725303593705,0.49849736775038467,0,123.60000000000001,0.06691423703892962,0.1772754224373865,0.7269455262665292,0.06688606640570424
25,619,897.3527508090609,610.935275080906,0.37994445908673874,0.47824979850261534,0.5166084461328456,0.3971786215404333,0.533694490923764,0.851953398541852,70.4264068711928,877.0,589.0,918.0,636.0,618,0.2719481287770573,0.4988051048873085,0.6272523789017082,901.660263874341,611.649906877922,1.3764799667398,-2.40965997341508,0.0270098513620297,1.77466970579503,-0.9986016132170379,-0.770043093342787,896.57539289371,611.826681326176,-1.79618175027929,0.13680666159772295,0.17131562400513134,0.12321547142051625,0.503595742672448,0,123.80000000000001,0.10614783246611292,-0.0376391960497813,0.7330427634837378,0.10596188722560451
25,620,896.315705128205,609.727564102564,0.38313231575775836,0.479948869995377,0.5405667121814933,0.36086714035410256,0.5396607536421555,0.883927335936907,72.0121933088197,878.0,586.0,918.0,635.0,624,0.212248472896628,0.5106357324335512,0.5994606339654025,900.5571729097929,610.716669574955,1.38055236791133,-2.92011502732332,0.0130579691997878,1.18626734719548,-1.4730329177839898,-0.903756025918518,894.773601599496,611.686453143878,-1.6935268119678102,0.14199785855433697,0.1838117550438697,0.11266939992874031,0.505191196956614,0,124.0,0.0828456347301783,0.335025571656864,0.7495486357009465,0.0828199564565283
25,621,895.350308641975,607.99537037037,0.37763782710909705,0.49718793105629866,0.6011133967462792,0.30323834632203756,0.49730927838649147,1.0089118146901401,77.3259018078045,882.0,581.0,917.0,633.0,648,0.26440660611939465,0.5319151439043636,0.6235038300601012,897.434819951715,609.559981012885,3.3212042258688097,-4.40072425992603,-0.38676137641743397,-0.11970968975904901,-2.42695134716082,-0.8191311510621619,890.48668789267,610.06873556218,-4.56680652951966,0.15663116186876583,0.22081181570500452,0.08520612619029239,0.5146333033144289,0,124.2,0.1032041965337575,1.00532703298745,0.8048570879632772,0.10284050503187105
25,622,893.780844155844,607.146103896104,0.39819960983074165,0.5013401882072597,0.5905715186708488,0.3505620224681217,0.5598514235526447,0.89285888038452,70.4264068711928,880.0,584.0,918.0,630.0,616,0.23793453133310666,0.4101036405842371,0.6033946738459413,897.1991307853759,609.703002043247,0.16795714020183303,-3.7945127278911204,-0.426930224331963,-0.28097960737337396,-1.73897331607228,-1.22981270980971,891.44423937475,610.622992647985,1.0992382252730801,0.1410725739921288,0.18155927650185433,0.11451912418645521,0.48444141212336295,0,124.4,0.09287151517984789,-2.83173532159653,0.7330427634837378,0.08609579533483068
25,623,893.350237717908,606.445324881141,0.4088564280551396,0.4935922718585336,0.6202715093274598,0.33440887178965334,0.49389771885675254,0.960942186434556,72.8406204335659,882.0,581.0,917.0,629.0,631,0.10966722449336855,0.5831440243794015,0.5512460028223813,895.0891199211591,609.251304787742,2.1029002983205,-4.3797480264574,-0.263940927512698,-1.1331122006303402,-2.09527160764466,-0.8520453087482479,888.8056710415781,610.098639276423,-2.6033968645132797,0.1506618672474902,0.20541392127527913,0.09599623489181125,0.5095892932553614,0,124.60000000000001,0.04280572999304917,2.619036767951145,0.7581714312665292,0.042672075906907046
25,624,891.5936,604.0816,0.45339352845801956,0.47369658960797434,0.6332771505787375,0.4026777204255308,0.3912250214899919,0.967144163598587,71.0121933088197,882.0,578.0,916.0,626.0,625,0.3926654529851573,0.4860123274866637,0.6840140270012381,891.621861304077,608.084266370294,3.55667584564843,-4.0741175647977,0.17269257865996,-2.21304943017276,-1.54113568238735,0.223196530618589,887.070287584726,608.4692667871691,-2.3184707901431403,0.1528423390173067,0.21099132960983058,0.09198775944917242,0.5021804717698165,0,124.80000000000001,0.153266679591197,-0.4406116841700935,0.7391400007009465,0.153226790299107
25,625,890.8985507246381,602.640901771337,0.5039499186485302,0.46723139870443253,0.6408468787610911,0.48136807472962073,0.4187789398767564,0.974807032393986,72.5979797464466,882.0,574.0,916.0,623.0,621,0.2132793632255147,0.5300971193169162,0.5987434566825232,888.28762727184,606.8911402588529,3.3317504988390696,-3.46909008276366,0.37576755251735205,-3.3251252671094704,-0.620267363523772,0.141401548044811,885.009760291894,605.623540731262,-3.3757736968547603,0.15438072454136137,0.21495922589685296,0.08920594320428793,0.5015383855240547,1,125.0,0.08324801578135041,0.94805925848286,0.7556458729181551,0.08222276951963083
25,626,890.377675840979,601.2874617737,0.5415073314755295,0.3881113819982045,0.6034616577326914,0.5366426068226239,0.3033571810836,0.964012500910751,77.5979797464466,878.0,571.0,915.0,624.0,654,0.19336139895730534,0.5130349311629951,0.5879953203830581,886.146834773767,606.132031887969,1.9657076220139797,-2.2906214772571802,2.06765256366592,-2.99121905068886,0.0828280730341504,1.46609465420528,884.069571039278,603.537695266926,-2.13938605073102,0.15392779924764805,0.2137882160774937,0.09002095816505867,0.4995470747062867,1,125.2,0.07547355988155943,0.4106003316343455,0.8076890479181551,0.07327289513395009
25,627,888.888721804511,598.938345864662,0.5881433005478888,0.383925161163347,0.5872034557722406,0.6010393762791567,0.37799391780935176,0.9079086353118131,75.76955262170041,876.0,571.0,915.0,621.0,665,0.370832808732172,0.46864324382422284,0.6730023369125651,884.217976707674,604.820999675585,2.17433157026083,-1.15546118915147,2.2798142225539304,-3.4712837882817205,0.9923222895536801,1.0624749723060698,883.640123412482,601.441700177959,-1.9235907845024398,0.14552021894792894,0.19248410065306154,0.10574884699110443,0.4915924197002809,0,125.4,0.14474487848567072,-0.98773781953698,0.7886576173525727,0.14405745709363066
25,628,887.864779874214,597.24213836478,0.6268091900580888,0.401326670670387,0.5664380306375283,0.5993629893604292,0.4399294604038523,0.9026151383064019,73.35533905932729,874.0,570.0,912.0,618.0,636,0.2641742508867653,0.503463120772604,0.6228417611686281,882.644901081008,602.7254945420681,2.5521782820628705,0.0565988037221339,2.15262398155397,-3.67112924367945,1.08018401700206,0.7213010159889279,882.542578026456,598.271719189113,-3.33373895212618,0.1443753535759469,0.18964852781721936,0.10797708776911935,0.498855134628018,0,125.60000000000001,0.10311350275176062,0.10908830433702849,0.7635289495697811,0.10228920634638207
25,629,886.508661417323,594.977952755906,0.6710430083310245,0.40804165976883705,0.5236105552703115,0.5945908714385408,0.5017443268654281,0.859310965413315,74.112698372208,870.0,569.0,910.0,616.0,635,0.351898817289636,0.5005505260181633,0.6626995101561544,881.549015197373,599.29598667897,3.57751123711707,1.84216649440864,2.3278855253052004,-3.42922138195013,1.21255165294498,0.364612225467793,881.973668934815,595.116221116129,-3.20546989554879,0.1387448135064558,0.17594068523582096,0.11923030515208971,0.49436945993050885,0,125.80000000000001,0.13735449061797275,0.0173415695721424,0.7714120262214071,0.13547838787472846
25,630,885.6693037974679,593.455696202532,0.6818345441314667,0.4111808722023005,0.4960473598896166,0.6182446561982092,0.4679620523367224,0.852034222606702,73.18376618407349,870.0,570.0,908.0,615.0,632,0.23177714308927333,0.5056717438805547,0.6065366863748819,882.5526001550951,597.8359050602941,1.3473622337064202,2.68351909821168,2.34187558246896,-2.97864809752192,1.48444697595258,0.683407281187679,882.4443067067999,592.451521972294,-2.58485331837757,0.1393561508474327,0.17740959108686394,0.11798504207654947,0.500611337340977,0,126.0,0.09046813987929175,0.1786599322374725,0.7617431101353638,0.08871212031143647
25,631,884.2440944881889,591.426771653543,0.6941407883318096,0.43436190179622897,0.4640307645707521,0.5683083601829633,0.488200260626364,0.809198400497944,76.5979797464466,866.0,570.0,908.0,615.0,635,0.3305955945325733,0.4827848525908338,0.6534813939193493,883.0717492153349,596.018153240312,1.8241302547649199,3.75719976485161,2.11290678034769,-2.42704226067484,0.95295749672531,0.38036527257798297,882.671869247867,591.009082227809,-1.44355975253128,0.13147216044558144,0.15884087481999448,0.13447236587856548,0.4921160095981488,0,126.2,0.12903933533312512,-0.542277143388735,0.7972804129181551,0.12780254714352046
25,632,882.4697674418599,589.210852713178,0.6903214583930333,0.47406267654493695,0.43304564720585675,0.5400551266382113,0.5426691913384407,0.805970928532033,75.52691193458121,862.0,570.0,905.0,614.0,645,0.3785007434039627,0.49002962728249083,0.6765582812850306,881.814953220899,592.918245921112,2.97691427825542,4.61292576871286,1.45033943126123,-1.67039050440545,0.7034645090256929,-0.0578211816260168,882.876715766166,588.35931169508,-2.6567313398624797,0.1278252788131247,0.1505335260994996,0.1424063987994879,0.49635311836754326,0,126.4,0.14773785603827452,-0.3140667406015395,0.7861320590041996,0.14701845931478968
25,633,881.465437788018,588.190476190476,0.6789270830869429,0.5101218914006026,0.4143516264284062,0.5293916524310687,0.531994674301228,0.7849729040955942,74.28427124746192,860.0,570.0,903.0,613.0,651,0.190897124204776,0.48376286218439174,0.5894802167090387,882.398623730604,590.496136832896,2.4654192532996095,5.0158297524349,0.770850855038712,-1.07778547021105,0.515923162495291,-0.0617273520786419,883.078304896328,586.913432077496,-1.4589799423099,0.12600087457264367,0.14644660940672627,0.1464466094067262,0.498175595759519,0,126.60000000000001,0.07451169474662263,-0.51146984119166,0.7731978656558257,0.07450935466730632
25,634,879.4386792452831,585.9025157232701,0.6227001177844412,0.591877144921821,0.40077561411929175,0.47459278724632914,0.5488480791300142,0.8177877685183491,74.11269837220809,857.0,567.0,899.0,612.0,636,0.4075403356189413,0.5083394061720408,0.6909699934914775,883.709520706848,585.92637963806,4.57596641125983,4.75296010218905,-0.934573261337871,0.135214080394564,-0.262845079051451,-0.303092236866862,882.9080027364979,583.345415704409,-3.56349451002021,0.13147216044558144,0.15884087481999448,0.13447236587856548,0.5054712858729378,0,126.80000000000001,0.1590727006028672,0.26269129441928396,0.771412026221408,0.1590189597119331
25,635,878.347352024922,584.518691588785,0.6240712612597963,0.5887292435844775,0.4042409113893506,0.48155291491404295,0.5655281829702526,0.8180479236862079,74.11269837220809,857.0,567.0,899.0,612.0,642,0.23498328402334803,0.5090736811511759,0.6097677752127544,883.361567474007,586.439568383229,-0.510493058044434,4.68045021288152,-0.8950470983767042,0.0302709165209596,-0.157213872084423,-0.326705380087773,882.625810521555,583.492664264383,0.15086040562782999,0.13147216044558144,0.15884087481999448,0.13447236587856548,0.5,0,127.0,0.09171957305613816,0.2858209562620395,0.771412026221408,0.09140261831241302
25,636,877.777777777778,583.892109500805,0.5413309410531264,0.6724269890596475,0.41504045453072913,0.45982386908440037,0.5944889794682648,0.871847510757086,72.52691193458121,856.0,563.0,895.0,610.0,621,0.11290270627498535,0.4888881491892496,0.5528692504222051,883.557045020283,581.619393634644,4.61157753741076,3.3970302656207205,-2.8779470717681,1.0684969623933,-0.5701741070417911,-0.833258802636918,882.0645978301061,580.014328398659,-3.5163047515267403,0.14072409999933314,0.1807137652013424,0.11521915293495116,0.5092519395537517,0,127.2,0.04406861560159025,-0.3500233005386375,0.7549061540041996,0.04402373927537433
25,637,876.885145482389,582.852986217458,0.5244432900357688,0.685418230954569,0.42816395682310204,0.47539180450564716,0.5728942162615316,0.878285651158067,75.52691193458121,855.0,561.0,895.0,610.0,653,0.18265058872140666,0.5044547728461994,0.5855905104696344,883.593041306169,581.228135792051,0.355895101972149,2.84966363883023,-3.2586752597245896,1.01938648929652,-0.5105622315369871,-0.6398212713513399,881.260181609163,578.937131814953,-1.27645508251003,0.14199785855433697,0.1838117550438697,0.11266939992874031,0.5012737585550038,0,127.4,0.07129287551498836,0.140325344655281,0.7861320590041996,0.07127043200481638
25,638,875.817322834646,581.622047244094,0.4665285400691013,0.6781635300507179,0.4317745135464206,0.4932662026938707,0.5161446135733088,0.9131399773421981,73.35533905932729,854.0,559.0,892.0,609.0,635,0.21727426449551066,0.49923037926386316,0.6016342931692225,882.3949781769239,578.3393056434539,3.08956584765332,1.7810213841267901,-3.4156026161961903,1.92262617020116,-0.367009762325245,-0.269799150032468,880.336906894273,576.790555338614,-2.31374175843508,0.14751321012589774,0.19745836623322105,0.10191890293844874,0.5055153515715608,0,127.60000000000001,0.08480732090557809,-0.0242430531883109,0.7635289495697811,0.08462994251266312
25,639,875.5403726708071,580.953416149068,0.47508561134885546,0.6792911983727945,0.4373428886706697,0.5139317301288012,0.5519531568436191,0.917933890440263,75.5979797464466,854.0,558.0,893.0,609.0,644,0.09649584304100532,0.5510900010266233,0.543710359657591,882.5750322328081,579.251697740972,-0.8735692455389209,1.7917043556796102,-3.4589780651333397,1.62289335117706,-0.0958275313302671,-0.39496414295731,880.7974470682199,576.382824814488,-0.11772279554300599,0.14704080033402045,0.1962749462146014,0.10282108351140201,0.4995275902081227,0,127.80000000000001,0.03766462606988561,1.6093350323386348,0.7868717779181551,0.03639721505093287
25,640,874.857364341085,580.0031007751941,0.4689849007099007,0.6648229379685915,0.43435827191634535,0.542994997522686,0.5589705534589785,0.922350236252875,73.5979797464466,854.0,558.0,892.0,608.0,645,0.15603986318556134,0.4634148598439463,0.5731176303171075,882.097647663692,579.235477664493,0.27747295346003903,1.70200857147352,-3.2503181123712097,1.7854984764094999,0.31245655132848604,-0.442355876109243,880.77026099925,576.003145863961,-0.33449150387913,0.14751321012589774,0.19745836623322105,0.10191890293844874,0.5004724097918773,0,128.0,0.06090607547086566,-1.15243191491569,0.7660545079181551,0.060884379252738575
25,641,874.137984496124,578.860465116279,0.4274804598610842,0.6360215760001365,0.4468402713696924,0.6047743217074383,0.5609345511569785,0.9149910412387731,77.8406204335659,850.0,554.0,891.0,607.0,645,0.18003079293943197,0.5097289450257201,0.5839964875867856,879.614770932721,577.182164140447,3.21944322256429,0.607847659510334,-3.02885117798868,2.18641727488523,1.0929481297816699,-0.312054318830066,878.877725748865,573.313301085348,-3.21554329120103,0.14615528562249747,0.19406392504330106,0.10452165920231599,0.4986420754965997,0,128.20000000000002,0.07027030681774811,0.306461768310182,0.8102146062665292,0.06994310378977439
25,642,872.067398119122,576.30407523511,0.38986076580298873,0.5334506624850807,0.42222708522298913,0.6426205339515075,0.4629821733048326,0.897655699097863,75.8406204335659,846.0,555.0,887.0,606.0,638,0.43863337602493063,0.4811266458034794,0.70560801778245,876.9208653004289,575.288871698761,3.2896440457832496,0.17799513116937696,-1.21353421335339,3.54913846791138,1.7127792359634701,0.7215364577862242,877.310869494805,571.716007295379,-2.16789397647963,0.1431866826457319,0.18672154408767,0.11031216459685794,0.4970313970232344,0,128.4,0.17120905490954733,-0.5945106571904,0.7893973362665292,0.1712079081034108
25,643,871.48031496063,575.5763779527559,0.381471599055555,0.5354802941821755,0.4217711825684762,0.615748860221555,0.4757230032072345,0.914545898958601,72.0121933088197,848.0,556.0,886.0,605.0,635,0.12466559498508428,0.5003068739967543,0.5584261980685624,877.513029871104,575.283594951401,-0.49570266295050897,0.0700282874125825,-1.24214193862965,3.7207034462117003,1.43592158668651,0.49233307650345,877.316817334679,572.339349759628,0.333216380624798,0.14596427469336237,0.19358824035305866,0.10489009940262817,0.5027775920476305,0,128.6,0.04865995125715093,0.0096665308977606,0.7495486357009465,0.04865095854548888
25,644,869.837245696401,573.647887323944,0.37110017737325,0.424241340775536,0.41178484107644,0.63574461883702,0.48286432977114,0.837425455832018,74.0121933088197,843.0,556.0,884.0,602.0,639,0.3378034329796426,0.4957463182657952,0.6583058567036737,873.611142850395,573.627011905795,4.23895334857391,-0.28440040631944,0.8489667669777919,4.27679397357417,2.03333074489836,0.605629007829759,873.2698275882401,570.6339705268759,-4.3916217970223395,0.13511327372134205,0.16731473762277604,0.12674336416213888,0.4891489990279797,0,128.8,0.13185272636972808,-0.1339909746274515,0.7703659057009465,0.13181983299616112
25,645,868.503205128205,572.282051282051,0.38499524891592585,0.388059506390624,0.3934589154554562,0.645638753291735,0.5123489614735772,0.783564644585199,78.9116882454314,840.0,557.0,884.0,601.0,624,0.25456445875429334,0.48921119462967533,0.6193188162100075,872.7088020913541,573.251197849527,0.977247587924863,0.24961168955801002,1.65016305470697,4.50655202199267,2.3611363730817003,0.360692891640026,871.9343608525211,568.348364603649,-2.15832036163982,0.12600087457264367,0.14644660940672627,0.1464466094067262,0.4908876008513016,0,129.0,0.09936257197720821,-0.339847369165227,0.8213629601804859,0.09935568243406517
25,646,867.8341158059469,571.906103286385,0.39525840624408165,0.36755583556451754,0.3954778662197144,0.6031170076874075,0.5546613305818943,0.7371249626342241,78.4264068711928,837.0,557.0,884.0,600.0,639,0.10232996012729507,0.4547213010915398,0.5467142300754947,869.868417864408,572.127281112335,3.0526543848813796,0.307501751851335,2.1693606690545,4.34323604106975,2.0234576795108996,-0.209466404597553,869.288020593862,569.260117457559,-1.99096574588166,0.11895084040646735,0.13109729398435177,0.16249326896440686,0.49294996583382367,0,129.20000000000002,0.0399418209373335,-1.426279015616495,0.8163118434837378,0.03889851036037545
25,647,865.746543778802,570.225806451613,0.40044752360992253,0.3572940823670425,0.40403179082725554,0.4984474687998722,0.5683842363878615,0.7219878627991609,75.5979797464466,836.0,556.0,883.0,597.0,651,0.35730732297034135,0.5263184281308545,0.6673565198433419,868.568085475681,570.28336906963,1.9833901058201,0.174785422571441,2.54037849417722,4.16715182786898,0.849657206859827,-0.477644676390502,866.45161444323,569.032630392049,-2.59321188188789,0.11519508754756437,0.12321547142051631,0.17131562400513123,0.49624424714109705,0,129.4,0.13946555921575737,0.829030486121915,0.7868717779181551,0.13935623707127257
25,648,864.6745283018871,569.470125786164,0.40457672782455667,0.362663600082483,0.4104419568359997,0.4347316379450963,0.5984601119802807,0.713696627048543,76.0121933088197,835.0,555.0,883.0,596.0,636,0.174878774565168,0.48988777839781866,0.5816210156677182,868.0845223120481,569.260861189845,0.9080242938992851,0.127223787432985,2.54805763205308,3.9901701169361203,0.13355866928742902,-0.878083845377559,864.927283874268,569.055399525586,-1.2858959963294099,0.11354212812227352,0.11981316090330835,0.17525707493824244,0.49834704057470913,0,129.6,0.06825935132519521,-0.31853498046871204,0.7911831757009465,0.06796507013910098
25,649,863.769480519481,568.737012987013,0.41786324431483246,0.38067461232180644,0.42197174266237386,0.37755517789686505,0.5388742117026455,0.6778535692143101,74.5979797464466,833.0,554.0,883.0,593.0,616,0.15529560999542666,0.5106043409612703,0.5727824966869132,866.2842283447239,567.3860094109381,2.50964670178468,0.133626793106293,2.36303034141668,3.52682035398017,-0.7137782554161399,-0.6723152333019571,862.388718543772,567.789995998452,-2.8156590118805402,0.1064815301973584,0.10574884699110448,0.19248410065306143,0.49293940207508485,0,129.8,0.06061557572264511,0.3340367402800125,0.7764631429181551,0.060605316556742984
25,650,863.496124031008,568.739534883721,0.4098047847485829,0.41130830186389905,0.44357236761798857,0.30450370536877586,0.62953267820543,0.700768673798631,76.0121933088197,833.0,551.0,883.0,592.0,645,0.03644908284246347,0.3904682043276419,0.5131111677895742,865.8513869510859,566.159314626006,0.98921824500169,-0.367542244578084,1.78958404588348,3.15858904393065,-1.50061109540911,-1.6340229463503,860.7758305704939,567.749665779327,-1.34674379062722,0.11035317399505586,0.11336610475180076,0.18296020589647666,0.5038716437976974,0,130.0,0.014226945250566798,-3.4502515636792803,0.7911831757009465,0.010917549005413444
25,651,862.834394904459,568.171974522293,0.4150130503358446,0.395746537220515,0.43129423508641207,0.3414324259172325,0.5435292429949607,0.678342158318374,74.0121933088197,833.0,553.0,883.0,592.0,628,0.11623808523220146,0.6139950265116744,0.5544276632624704,866.124007293981,566.540893579638,-0.43010435233551003,-0.076328431708164,2.1098300551885503,3.3596409399165696,-1.1650517814660701,-0.9323842217282109,861.713383246383,567.777586527313,0.795824390856576,0.1064815301973584,0.10574884699110448,0.19248410065306143,0.49612835620230256,0,130.20000000000002,0.04537049345731846,3.5908433351177402,0.7703659057009465,0.04532141533499967
25,652,860.5056,566.5008,0.4329871999407667,0.446638278532647,0.45727795533144,0.2915481040745125,0.5630941549996065,0.6448828080710529,72.5979797464466,833.0,551.0,884.0,589.0,625,0.3821834345149774,0.4862708341012695,0.6791197629178843,864.8444662339999,564.867554251679,1.9817253519651201,-0.200937770316945,1.20483315955751,2.41318353730694,-1.94003971766681,-1.1515834903659399,859.280559310727,566.8776596622071,-2.5002683926412796,0.10297838277476973,0.09905858619330027,0.20125933873226304,0.49649685257741133,1,130.4,0.1491752981006058,-0.4324687258100115,0.7556458729181551,0.14915138154581967
25,653,860.0396946564889,566.36641221374,0.4402231029124825,0.4605946914155233,0.46388334137633885,0.2917100184475875,0.5811486651633102,0.640775428578575,70.5979797464466,834.0,551.0,884.0,588.0,655,0.06465331356406173,0.44577339474193617,0.5284033669278854,864.540285798577,564.970349177147,0.197147747880163,-0.183776209494493,0.9505485377390159,2.10879004883895,-1.96507163563185,-1.2621802108838702,859.067037457679,566.728499312488,-0.26033104818733105,0.1024567739183953,0.09807905039844961,0.2025784972948526,0.4994783911436256,1,130.6,0.025235728325982386,-1.70813806562901,0.7348286029181551,0.023651222784328286
25,654,859.0370370370371,565.4089506172841,0.42774972629922753,0.5058825802456035,0.4968111339668146,0.2892090770388592,0.4516928388509626,0.66969467714231,74.8406204335659,832.0,546.0,884.0,587.0,648,0.18485093143915332,0.5764321515628632,0.5862608000770382,863.1496515087799,562.8210538386779,2.30394596353034,-1.03953723848568,-0.0272999347840764,1.49278772259439,-2.4450663219489503,-0.539979077414212,856.1868707744729,565.223797689177,-3.24186007705321,0.10731316428627957,0.10736541718611087,0.19042273278135674,0.5048563903678842,1,130.8,0.07215172168988841,2.40761277423019,0.7789887012665292,0.07182857600496173
25,655,858.395962732919,564.944099378882,0.4376058493859117,0.4941788787040591,0.4925975532841093,0.28739286041247336,0.439984713294287,0.6464880484432329,73.4264068711928,832.0,547.0,884.0,586.0,644,0.10558307416913347,0.47857741677768173,0.5494856366459657,863.198297750052,563.077609303172,-0.17924710038563396,-0.82355380761075,0.265261179238206,1.4449836074661397,-2.44189496471557,-0.43797066816067604,856.355580425909,565.358919711318,0.21493980394142198,0.10347753257198271,0.09999999999999998,0.2,0.49616436828570315,0,131.0,0.0412115888370395,-0.6748113715030251,0.7642686684837378,0.041206235159008724
25,656,857.922953451043,564.4012841091491,0.4421945409807179,0.5156414395238601,0.5205497751443933,0.3461691242620033,0.37282056660344126,0.658943948412694,74.66904755831209,831.0,543.0,884.0,584.0,623,0.095998722009618,0.5359724868021409,0.5441414623783459,860.7817049179671,562.267096204626,2.4971953340465496,-1.3644059765623602,-0.300311182848029,0.630512846054657,-2.05966966897762,0.156224133302874,854.3585645739889,563.867814884064,-2.46504810422576,0.10584646352278988,0.10452165920231604,0.194063925043301,0.5023689309508071,0,131.20000000000002,0.03747058788991217,1.1331333342674401,0.7772028618321117,0.03675619032725818
25,657,855.362916006339,562.424722662441,0.4516186620416008,0.5027784533012499,0.5194369562923072,0.39181921637539335,0.33808339659250497,0.649326052143947,75.3259018078045,828.0,541.0,883.0,583.0,631,0.43123774048203867,0.4688057532408452,0.7021398370866875,858.165270894935,561.185693803957,2.8049717168185095,-1.24310570622939,-0.10858562637886901,0.48832834529811897,-1.6138822551987702,0.8327251110243191,853.1797256232229,562.593357418691,-1.62939496419541,0.10485377113766296,0.10261609303663499,0.19654319831888484,0.4990073076148731,0,131.4,0.16832236219311797,-0.982618772913375,0.7840398179632772,0.16831998588982086
25,658,853.4064,561.0352,0.4790152994999786,0.4647907617564068,0.49923281925829077,0.5108196377684985,0.25973647144259,0.570303241387775,76.3259018078045,825.0,543.0,883.0,581.0,625,0.31996466784102134,0.49365959564801787,0.6498777808030769,856.674627158507,561.61127336833,1.07591223521459,-0.500077068136898,0.616264936036661,0.45639854169604493,-0.234960309325751,1.76379477060076,852.4384255653599,560.40999361561,-1.5837650624844501,0.09339843184410918,0.08176943521012336,0.22598687134456347,0.4885446607064462,0,131.6,0.1248898314167386,-0.19972273708743749,0.7944484529632772,0.12480185159718321
25,659,852.714968152866,560.573248407643,0.4769869511306906,0.4882755367529163,0.5091672619763736,0.46050085888674025,0.3509116262447825,0.585376255277699,70.9116882454314,827.0,543.0,882.0,580.0,628,0.11087348328706347,0.4954697910765391,0.5519716814434511,856.501532666261,561.359270220968,0.27697475968744,-0.652014477437579,0.183253973107488,0.252649509132399,-0.751996871477277,1.04503799289131,852.916978758768,561.4471642691001,0.899227977736829,0.09533238507299191,0.08513894489999535,0.220911653841815,0.5019339532288828,0,131.8,0.04327656153331277,-0.1427015810890175,0.7380938801804859,0.043276341830039325
25,660,852.014331210191,560.03025477707,0.5012947055166005,0.4732291447852009,0.4971457298506967,0.5512020138273254,0.34996081211185004,0.527582234463621,72.4974746830583,825.0,544.0,882.0,578.0,628,0.11818886642690546,0.5111602918278981,0.5549927829316625,855.350975749702,561.798778378685,0.77024552452508,-0.0504104816185385,0.485140115575698,0.0601701939201658,0.38117964680245103,1.17607788614815,851.601139554276,559.338047482085,-2.12705946177572,0.08670521795295802,0.0705902475166531,0.2438608493958982,0.49137283287996614,0,132.0,0.046131929825219485,0.3515491925787905,0.7545997523976945,0.045791985293476965
25,661,851.6233766233771,559.730519480519,0.5041492413362053,0.44927477148875744,0.4902930825780524,0.5498991254362622,0.3060786300416412,0.531519925750551,73.9116882454314,824.0,544.0,882.0,579.0,616,0.0656843274998148,0.49917114420290554,0.5305995762896054,854.656114253866,561.749943321204,0.6142495086547579,0.0664726918687427,0.9527386893161841,0.220722302111576,0.327563719632827,1.7905737647637998,851.741505808034,559.563177803323,0.22798011732489604,0.08751722013361901,0.07190616946719686,0.24166751605779108,0.500812002180661,0,132.20000000000002,0.025638157623858758,-0.026108957608474998,0.7693197851804859,0.025479986149845753
25,662,849.9,558.6444444444439,0.5126950617615508,0.47002017113255956,0.49670635251210793,0.5842400462697742,0.4262138215342885,0.511954682340955,71.66904755831209,824.0,544.0,882.0,577.0,630,0.27160710087220935,0.48543538267349273,0.6271866919902757,853.6525422269591,562.172960337153,0.662392794317537,0.14092389813956602,0.505420311703815,-0.160533833114919,0.884333901813789,0.89934780378386,851.543088290486,558.979334856541,-0.446075637649005,0.08344360741870283,0.06541808398797816,0.2527378753724704,0.4959263872850838,0,132.4,0.10601472115156607,-0.4587854457849795,0.7459769568321117,0.10590719033772328
25,663,849.166934189406,558.298555377207,0.538618217230681,0.4344827687967615,0.4655270882030006,0.6457408666478108,0.4575119867633099,0.43768026864915005,73.66904755831209,820.0,546.0,880.0,575.0,623,0.10807608262461812,0.4807198302006573,0.5506584448136,850.2986813874049,561.2683650717061,3.3312298490976,1.17382807767656,1.2736148081452299,0.125105700734649,1.8323543192647902,0.8437392717584741,848.8250515052499,556.308139657294,-3.69201296637009,0.07279887978903522,0.04982552357902814,0.2824156697298635,0.4893552723703324,0,132.6,0.04218466942067657,-0.6073253486792951,0.7667942268321117,0.04218282174912755
25,664,848.775080906149,558.072815533981,0.5385195567971058,0.4309337338360395,0.4661046482340741,0.6320866087910059,0.4297498820177715,0.44356971555412605,75.08326112068521,820.0,546.0,881.0,576.0,618,0.06029666987957747,0.5129811674829032,0.5282033100183419,850.8813339675,561.60814579278,-0.6739109078969561,1.14176100701094,1.36630262641545,0.135330399457501,1.6272075991056398,1.04150414362787,849.2112825712841,556.901547603097,0.6343248317074269,0.07388509570761843,0.05132501693971098,0.27934017226543173,0.5010862159185832,0,132.8,0.023535226520675617,0.4089067757114505,0.7815142596149033,0.023484637233074018
25,665,844.645367412141,555.931309904153,0.5735518580753375,0.39361316975646404,0.4233401859892838,0.6749160829243874,0.438933816551643,0.352493659054791,73.08326112068521,820.0,549.0,877.0,573.0,626,0.6202591559473054,0.4929742725225213,0.7898197684738406,848.004993245605,559.540572388321,3.5393325348718196,2.59379650985437,2.26738187686105,0.567623786581234,2.34759607204453,1.15461805671685,846.366856751725,553.990804098117,-4.01421503377241,0.06459203048835346,0.039182312430967314,0.30597149997093365,0.490706934780735,0,133.0,0.24210192313932793,-0.22131041554057848,0.7606969896149033,0.24133025950341344
25,666,843.1625,555.1796875,0.5810111953897875,0.41772366043106,0.3872564942666109,0.5732444213423231,0.5804965119207703,0.280872709874856,75.3259018078045,815.0,553.0,875.0,572.0,640,0.22166368921965066,0.4985307703375176,0.6025367929666581,844.980345105218,557.064752651457,3.90151102639966,3.72900868419596,2.07766947331211,1.33252642782781,1.47755002494571,-0.026469295163185,843.5716754073151,552.311862656445,-3.1706403973210096,0.050013280287601526,0.023328887324628234,0.34905414765279885,0.48542124979924806,0,133.20000000000002,0.08652061793150685,-0.0462807343681959,0.7840398179632772,0.0853814458054296
25,667,841.823255813953,554.928682170543,0.5765896809602654,0.40404644810977597,0.38625594734523055,0.5819495712772659,0.541981577596437,0.304730791498623,71.4974746830583,817.0,552.0,873.0,572.0,645,0.18167510269223067,0.45494356206178177,0.5841027879998006,845.1476552194811,556.5809895291881,0.20861072268627498,3.62091619800924,2.3056412436892404,1.4484539006154702,1.54992726551146,0.22452983718211103,843.667564476626,552.3841503359549,0.119184959165451,0.05578274394141428,0.029129044202581278,0.33183180150092195,0.5057694636538127,0,133.4,0.07091212008172376,-1.419277795053875,0.7441911173976945,0.07003161916742899
25,668,840.440809968847,554.4937694704049,0.5626226425885933,0.4754270987883812,0.3676673471258256,0.4755586513803152,0.635208552332175,0.22165147961303602,78.3259018078045,811.0,555.0,873.0,571.0,642,0.19323241372408534,0.5189714398763666,0.5904541304393893,843.4117521020289,552.728453134882,3.87580700065903,4.14540758916967,1.1240996019121299,2.09498562727356,0.414187122000522,-1.03325234357953,840.431531264472,550.669508973258,-3.48214755604316,0.041422479712423216,0.015861338145321202,0.3750609904891151,0.48563973577100894,0,133.6,0.07542321387260541,0.59760035610555,0.8152657229632772,0.07532032368614557
25,669,839.549141965679,554.336973478939,0.5613080893564301,0.49422929043461644,0.3731729131270853,0.4836329685469307,0.6386083586619837,0.21306241050827998,78.15432893255071,810.0,555.0,872.0,570.0,641,0.12071319992737613,0.4792495827183306,0.5564709576874037,843.129421064592,552.70490631703,0.22871106122639,4.06036654873975,0.734291616608868,1.94955554473228,0.441484260494335,-1.14680749914875,839.3291361454469,550.343170894422,-1.01222315791072,0.03901295133069485,0.014020612977803992,0.38242434184946866,0.49759047161827163,0,133.8,0.04711723732007717,-0.6536381443725849,0.8134798835288599,0.0470228478370257
25,670,837.4875776397521,553.9922360248449,0.517026572094872,0.549187356104319,0.3887902887451865,0.388204390667575,0.5915529281530232,0.24203329443045898,78.4974746830583,806.0,553.0,870.0,570.0,644,0.2786919089744693,0.49867018091288556,0.6300608224265569,841.283230885584,549.237596880255,3.54269997236668,3.1875818961257703,-0.400383802745781,2.3507354575305497,-0.9267526490413008,-1.15471897883777,837.068499697153,549.812342459507,-2.08314080005506,0.04254555171721654,0.016757436536751935,0.37163869408007477,0.5035326003865217,1,134.0,0.10878009051400714,-0.0418893012441046,0.8170515623976945,0.10830045235600073
25,671,836.409763313609,554.005917159763,0.5077307292294052,0.553079480053155,0.38791256986153266,0.40822107698104,0.5717501143460094,0.23545009204403103,75.254833995939,806.0,553.0,868.0,569.0,676,0.14372015369937866,0.4716855570510223,0.5650127847675638,840.343001867475,548.739392045355,1.05876027076931,3.0637590997118904,-0.534537406749486,2.50537779048836,-0.7388879124421222,-1.04278275044891,836.6284358903,549.28838938088,-0.6649117767858771,0.041422479712423216,0.015861338145321202,0.3750609904891151,0.49887692799520666,1,134.20000000000002,0.056097399402928606,-0.8919049528928001,0.7833000990493204,0.05413554879853503
25,672,834.45537065053,553.414523449319,0.47762348974843966,0.5806802705901271,0.39527248529413206,0.3749573383306592,0.5899129041171878,0.243796858183138,73.08326112068521,806.0,552.0,865.0,568.0,661,0.2722546912891533,0.5486556424215792,0.6275656504908493,839.1712404192931,547.065256062893,1.8224546552138898,2.51523211282866,-1.17282786883434,2.8367627813849197,-1.16621309336994,-1.22204105531177,834.688964852256,548.530572717727,-2.05185011523167,0.04336899624063422,0.017429836115013364,0.36913351487864765,0.501946516528211,0,134.4,0.10626749111690303,1.5326527362797449,0.7606969896149033,0.10622274560079616
25,673,833.55832037325,553.04199066874,0.45627507947343376,0.6146000515014765,0.41549441363105,0.3315597875733625,0.6392843710239999,0.267190239492499,72.254833995939,806.0,550.0,864.0,567.0,643,0.12951052278637346,0.5158375612507685,0.560351094295344,837.7151612049009,546.148495851201,1.7025546423817801,1.82907807043439,-1.9183162171972001,2.70824638605514,-1.7283619537388,-1.6762467587808898,833.594374466869,548.5684530141571,-0.9481280547320871,0.04659128279092111,0.020185728057393215,0.35936478236164965,0.5032222865502869,1,134.6,0.05055104198417432,0.49888317939920745,0.7520741940493204,0.05025380195528294
25,674,832.4485842026829,552.9120715350219,0.44904635515157754,0.63405479811956,0.42812113184017414,0.3505619263003825,0.62875622139967,0.277607110387441,73.8406204335659,805.0,549.0,865.0,567.0,671,0.14897536557415866,0.4560201792741489,0.5687666538874319,837.615027772177,546.05853351062,0.12587618522094,1.4710687020097601,-2.39025222317753,2.48545017995496,-1.61407721187697,-1.57768019908395,833.871124279882,548.5066664109851,0.22491922996475197,0.0475974826806466,0.021086857389424285,0.3563260572168274,0.5010061998897255,0,134.8,0.0581486337768021,-1.38536435286431,0.7685800662665292,0.057261361139115216
25,675,830.839563862928,552.422118380062,0.40286787625678877,0.643402712724638,0.45390342538940265,0.35927689289517417,0.5812231876524713,0.288883139572489,70.8406204335659,804.0,547.0,861.0,565.0,642,0.22426177354147336,0.5284193954747326,0.6051171354760069,834.870903394234,544.683649140571,2.91991191844935,0.120217992022789,-2.8346249019551,2.64926344075817,-1.67322253498263,-1.3715032644522198,830.7428407750231,548.0736557841179,-3.152130777944,0.04988670124048555,0.02320866743292921,0.34943431603145125,0.502289218559839,1,135.0,0.0875347121286828,0.895210957454075,0.7373541612665292,0.08753007331509871
25,676,829.479651162791,552.2194767441861,0.3627734205415067,0.6590422228076345,0.5092518759031146,0.4068523517288116,0.47696499961933403,0.372516452418418,77.8406204335659,802.0,542.0,862.0,566.0,688,0.183323693544692,0.47656167679439854,0.5836191536201406,833.137891726559,545.349529644313,1.76173218475369,-1.8379659584295902,-3.52856353154769,1.96928782667565,-1.51083848382447,-0.552363375492255,828.4540974707629,548.478693322661,-2.30498833180355,0.06173233706707487,0.03576165455737035,0.3143046618229481,0.5118456358265894,0,135.20000000000002,0.07155560436087352,-0.7383071809764451,0.8102146062665292,0.06962890126118425
25,677,826.818604651163,551.1410852713179,0.3480932594696813,0.6083573692400834,0.5256889930817601,0.5020781615710983,0.43769541469088014,0.369453602336955,75.8406204335659,799.0,540.0,859.0,564.0,645,0.3828338010341507,0.5376353099573554,0.6794515123681912,829.909791324519,546.557339802898,3.41460329516734,-2.6926606367188595,-2.83042067366914,1.8265506818014399,-0.409873523288925,0.13168072245282,826.482502959633,548.043386288396,-1.8066672503683898,0.06173233706707487,0.03576165455737035,0.3143046618229481,0.5,1,135.4,0.14942915164476964,1.185512263656695,0.7893973362665292,0.14942762626630327
25,678,823.894428152493,549.807917888563,0.3623285825749929,0.5093852432855523,0.5368727585944133,0.5784997215495769,0.44343397950080676,0.340588941487492,73.0121933088197,795.0,539.0,855.0,561.0,682,0.428499054132312,0.5067832898288223,0.7002743204808332,826.1248000453979,548.994400442353,4.35877578283023,-3.11642914326235,-1.02474266241967,1.39954344434473,0.7237808488929559,0.47046064601911003,823.177641082642,548.630734720921,-3.30885384617169,0.05711938736726325,0.03056184205669571,0.32787267542078835,0.49538705030018837,0,135.6,0.16725338767531078,0.2136736296079,0.7599572707009465,0.16676658734503044
25,679,822.3984848484849,549.325757575758,0.3625174395385387,0.4657499779370801,0.5317923181426815,0.5944463141132733,0.43342905169304463,0.310899830449395,71.4264068711928,794.0,540.0,853.0,560.0,660,0.20956356494392664,0.4815935166738166,0.5982218288120156,825.0840260019031,549.270058315652,1.07048495057821,-3.15991634884573,-0.186634203040899,1.56811853110783,1.02346300847002,0.67379860878176,822.171634968706,548.834971888386,-1.00705686694488,0.05321174592700749,0.026467060292100608,0.33948035942105115,0.49609235855974426,0,135.8,0.08179765120173153,-0.579804224774775,0.7434513984837378,0.0817884147824896
25,680,821.3536776212829,549.031298904538,0.37900717624637076,0.44346065011428204,0.5281462162498124,0.6011767406696017,0.4771562669655296,0.30907751186936894,71.76955262170041,792.0,540.0,853.0,560.0,639,0.14473442659306668,0.4941121830999661,0.5677840929982056,823.7570764423359,550.3074394011979,1.58639576671674,-2.8878781135283305,0.306691639784896,1.39507479082,1.26541321614044,0.348017559108878,821.9445323077749,549.2877943909481,-0.362268425378548,0.051624100361654886,0.024885229513251117,0.34422466541418073,0.4984123544346474,0,136.0,0.05649329427331536,-0.18546623235106802,0.7470230773525727,0.05644319171049573
25,681,820.445337620579,548.90192926045,0.3827589324662979,0.4427876258278,0.5343732485263644,0.5815789703042642,0.49717167381711125,0.304201801624339,69.35533905932729,793.0,540.0,852.0,559.0,622,0.12233419158218704,0.478851962546866,0.5565168045954362,823.732628100637,550.4594106606211,0.0706611665250937,-2.97029576700588,0.35540779311167003,1.19606034189623,1.07192896251975,0.11548446719457302,821.6166732399561,549.767581272525,-0.461436552140616,0.05078637671633251,0.024069721071633354,0.3467343169552717,0.49916227635467764,0,136.20000000000002,0.04774994897497109,-0.66616317977372,0.7218944095697811,0.0470610241362863
25,682,818.993808049536,548.476780185758,0.40351307076408044,0.4075059494650555,0.5339167155610076,0.5903059394306175,0.48410909494214077,0.28534916221983103,69.9411254969543,791.0,540.0,851.0,558.0,646,0.20166814682979464,0.5227706475412401,0.5945299290365094,821.9123489692939,551.162728366317,1.94247443172463,-2.76204914021195,1.11830527622276,0.898055123712357,1.24388394023493,0.18950599917364702,819.968276386228,550.137105223249,-1.6867066866740301,0.0475974826806466,0.021086857389424285,0.3563260572168274,0.4968111059643141,0,136.4,0.07871588144292632,0.7172753975490651,0.7279916467869909,0.07871420374583309
25,683,817.769230769231,548.20251177394,0.43458046759985375,0.369799321959356,0.5214646747148369,0.601689009148335,0.501035212124298,0.24995679906299104,70.9411254969543,789.0,541.0,850.0,557.0,637,0.16732205418347734,0.4897469615244878,0.5783808767392112,820.4334133781219,551.880821341957,1.58689414406699,-2.0994746165511797,1.9968143192210002,0.702501855445969,1.54246540441532,0.10992491756067999,818.1471337254089,550.127585229832,-1.78937757673022,0.042051422072147626,0.016360187804334292,0.3731436558175304,0.494453939391501,0,136.6,0.06530978335914185,-0.32297071197863403,0.7384002817869909,0.06526703621076922
25,684,816.546728971963,547.839563862928,0.4644119956180755,0.3170135959325915,0.5004518690299105,0.5201782465748424,0.46436995337359327,0.237793320852068,71.9411254969543,786.0,542.0,847.0,557.0,642,0.17003224951268398,0.5108360203579054,0.5796127837424763,818.079219677545,551.538367106035,2.35516865762112,-1.29324250817952,3.3366370234141702,0.857972245802525,0.7178944503449941,0.444242586771817,815.327199224681,550.763125990896,-2.82267236322958,0.039607146803440504,0.014464153448097317,0.3806059393724829,0.4975557247312929,0,136.8,0.06636763715298395,0.34133464127402047,0.7488089167869909,0.06629283385855408
25,685,815.148205928237,547.5304212168489,0.47448972258864686,0.32786647824621495,0.49378826508406265,0.47015681414929517,0.5334228397569237,0.232067181601834,73.9411254969543,784.0,542.0,847.0,557.0,641,0.19097112658811863,0.4887222785867111,0.5895059806884138,817.7557256232581,550.98579870974,0.36282893055129206,-0.9008742029163539,3.2613662639743595,0.8631435391008391,0.24968287026581698,-0.143678518452172,814.301384820363,550.822315168091,-1.01531875145994,0.03843659163160445,0.013596892657316562,0.38418973634698017,0.49882944482816394,0,137.0,0.07454057963957803,-0.3552482245186005,0.7696261867869909,0.07453080809631549
25,686,814.429245283019,547.380503144654,0.5332344705659893,0.340428299378501,0.4745244682197036,0.4283299359036945,0.468583789478141,0.15792877066289998,73.698484809835,780.0,544.0,844.0,554.0,636,0.09792331128598106,0.49809901591766453,0.5458428533469426,813.3385379762891,549.726924343004,4.58807574837129,0.563317086777346,3.4354263782284598,0.337669878587383,-0.31935084674152603,-0.0351619083389547,810.035501219502,549.894535060758,-4.33612180366433,0.0259371568784361,0.005993983124449265,0.4228115598631953,0.48750056524683166,0,137.20000000000002,0.03822180092819324,-0.059880998593566506,0.7671006284386168,0.03817292296123393
25,687,813.438271604938,547.234567901235,0.5279663986050593,0.36195346757129954,0.4890572844009088,0.4795964300575269,0.5803405409842399,0.15566158174065198,71.28427124746192,782.0,543.0,845.0,553.0,648,0.13355487767094001,0.4905775808083154,0.5625999201230482,814.321309957195,550.384353751902,-1.10119667553222,0.218429231105033,2.8741239363131,-0.0140633738480744,0.409363737941136,-0.89058827981087,811.2333014231959,549.785886882976,1.12622679503749,0.026321304624888468,0.006182235767768551,0.4216162278996458,0.5003841477464523,0,137.4,0.052129650032154,-0.296806204538065,0.7419719606558257,0.05212637856879576
25,688,812.523052464229,547.130365659777,0.5339537067280522,0.3994870459192525,0.48920121014071255,0.37341237691578916,0.5737722146609815,0.166452104589197,73.52691193458121,780.0,542.0,844.0,553.0,629,0.1228176015358848,0.49478622449592996,0.557477759579794,814.231644318655,548.486795617435,0.718857644987057,0.474318565928868,2.35377322981072,-0.0763746926327561,-0.9639403935868391,-1.0655475752111299,809.232129847843,550.128436913407,-1.7169301324964898,0.028352265348520783,0.0072255546201232534,0.41530439220033377,0.5020309607236323,0,137.6,0.04793863539472441,-0.1642339283782055,0.7653147890041996,0.04786120252635043
25,689,811.340694006309,547.015772870662,0.5289654989856214,0.417937762825115,0.4893769341192697,0.3676246711128425,0.6032688112838788,0.160315457900987,76.698484809835,777.0,542.0,845.0,553.0,634,0.158386476994676,0.49734131285897604,0.5740928070808894,812.88715974509,548.17176037267,1.37533725566228,0.465650790011686,1.9837643071188602,-0.0195292827970401,-1.00537427066043,-1.3661661118639499,808.482475909962,549.962474809997,-0.7571199841732711,0.02679091910891391,0.006416300631389871,0.42015557804331294,0.49843865376039315,0,137.8,0.06182201473690406,-0.083748644942254,0.7983265334386168,0.061696399987916345
25,690,809.622222222222,546.831746031746,0.5343770355554714,0.44954416945826897,0.4975024953741733,0.326253713152735,0.5340384486574448,0.174111712448353,70.0416305603426,778.0,541.0,841.0,552.0,630,0.230439624298884,0.5015974410799742,0.6077821131204482,811.1177659147689,546.8473907060311,2.1438153988304403,0.470341849489209,1.4605893747042098,-0.301326588273193,-1.7476103678350299,-0.8601532563299209,807.630697374772,549.564680153591,-0.9400679725370021,0.028772690983706634,0.007451614579399857,0.41399948825989513,0.5019817718747928,0,138.0,0.08994607443570522,0.050319394019186996,0.7290377673074515,0.08974917572447025
25,691,809.146302250804,546.790996784566,0.5113030473570886,0.48628169780364505,0.5252038022997599,0.29536598570258915,0.6138497903157863,0.221619740667689,72.0416305603426,778.0,538.0,842.0,552.0,622,0.06368817372733133,0.4966242537693803,0.5296021384558712,810.90098555327,546.606417893503,0.279765077127343,-0.40991731597388104,0.619418336724586,-0.601487878754504,-2.11386038252245,-1.6414209463343798,807.3751123472259,550.269950039826,0.0220833655763788,0.03551826128697536,0.011549991301869178,0.39315156059728384,0.5067455703032687,0,138.20000000000002,0.024859011258075603,-0.10633600626452,0.7498550373074515,0.024649428826164357
25,692,807.3312302839121,546.3738170347,0.5231046858139216,0.5351307523607303,0.545247363271622,0.29857401945451584,0.5661488346658048,0.233746918108733,70.6274169979695,778.0,536.0,840.0,550.0,634,0.24831969318050537,0.5223023131062998,0.6163989995912894,809.4425491980611,545.941989583539,1.59856540839111,-0.530695112322646,-0.30342765408868605,-1.3519891654725,-2.34969275268509,-1.49051614917996,805.657071014305,549.6535270409739,-1.8219461587451597,0.03658559497074391,0.012279498966146718,0.3898695642826784,0.5010673336837685,0,138.4,0.0969250912234428,0.7025228628484449,0.7351350045246603,0.0969243779512544
25,693,806.469096671949,546.175911251981,0.5171165970597428,0.550474519432794,0.5538731496613236,0.305622572309165,0.5239390686119669,0.254512624871312,70.6274169979695,778.0,535.0,839.0,550.0,631,0.11794093163455402,0.4999565021992056,0.5552781935181894,809.0174247739141,545.7332829769371,0.47077047953092105,-0.790704809696265,-0.656012256833532,-1.47530613987119,-2.4130425781756,-1.20628600891302,804.609757466917,549.323454407671,-1.09527419150487,0.039607146803440504,0.014464153448097317,0.3806059393724829,0.5030215518326966,0,138.6,0.04603515496995796,-0.0013701807250221499,0.7351350045246603,0.04602964406766702
25,694,805.31319554849,545.855325914149,0.5284362333719739,0.5462720971522821,0.5430201632649447,0.31882735184757,0.611229869656476,0.213894538820495,66.79898987322329,779.0,537.0,838.0,549.0,629,0.15993789717248932,0.5071273514613361,0.5747878425347612,808.7444710251,545.975395210084,0.175646589676545,-0.341754302836504,-0.54706199081348,-1.4265234403446498,-2.07879947182997,-1.57722233936173,805.384443017317,548.869060664274,0.5343795382251789,0.03318416249684018,0.010031668862934162,0.4003454241755121,0.4935770156933997,0,138.8,0.062427570987133224,0.224511571032089,0.6952863039590774,0.06227514962714984
25,695,803.5962145110409,545.294952681388,0.5173027074497929,0.567115461256811,0.5581639369370212,0.31379192174229503,0.5793256508521575,0.25144944541139497,67.3847763108502,779.0,535.0,838.0,549.0,634,0.24081498819924668,0.5071309605822085,0.61249816259853,808.0509278615331,545.277745620763,0.87949850170445,-0.814686409081634,-1.02033575405695,-1.6189287047818899,-2.28875096452274,-1.47539175109422,805.056480149812,548.66469752534,-0.379837147521502,0.03831533102973169,0.01350856229973546,0.3845613537660389,0.5051311685328915,0,139.0,0.09399582610718488,0.224625258339568,0.7013835411762862,0.09367618681267062
25,696,802.9556962025321,545.039556962025,0.5250699221132761,0.583469520980136,0.5696462355594071,0.319991542850725,0.5802910715809009,0.24926353270756302,69.6274169979695,779.0,534.0,838.0,548.0,632,0.09194110936459095,0.510149512428925,0.5426361511096571,808.342960245007,545.402254389504,-0.316622603551014,-0.903177478036163,-1.3331817190830302,-2.0534988008105,-2.30289196654596,-1.4978951206022297,804.08007840269,548.906410096851,-0.818077795644234,0.03831533102973169,0.01350856229973546,0.3845613537660389,0.5,0,139.20000000000002,0.03588680502222491,0.31970964151113895,0.7247263695246603,0.035502731458599744
25,697,802.747619047619,544.598412698413,0.5071515465382498,0.6233474773013835,0.6137369553272853,0.3559390861908817,0.4597857129438631,0.368048339254897,71.4558441227157,780.0,530.0,836.0,548.0,630,0.0650339212295052,0.6191507955883196,0.5208180993112346,805.414089783428,546.12016354183,2.57858144676832,-2.13565196114982,-2.35387880477259,-2.86181026388149,-2.3710909772860296,-0.445267975252351,801.4720362806501,547.744276971466,-2.8327477883855403,0.05069930587551547,0.02398571935736782,0.34699540979343974,0.5123839748457838,0,139.4,0.025384288563879562,3.75325006103207,0.743757800090243,0.017335040103040943
25,698,802.7836990595611,544.51724137931,0.5149163351240617,0.5914588498585516,0.5937907705177791,0.34470144618463755,0.5025474153328267,0.317319037548511,68.2132034355964,780.0,531.0,836.0,548.0,638,0.0118438359451014,0.6363487125938118,0.49931590701929307,806.825170746769,545.341892716352,-1.1055177762616202,-1.64155074711915,-1.63979354171313,-2.46531551425895,-2.2735827738073597,-0.716663628530149,802.8209854503419,548.181548360309,1.41803408787849,0.04811705581263237,0.02155971167861387,0.3547591981881507,0.4974177499371169,0,139.6,0.004622931289545288,4.294984446705071,0.7100063367418689,-0.000569637942324706
25,699,802.274725274725,544.262166405024,0.5021445831912116,0.5937865473759391,0.6111496672300638,0.35889535697763914,0.403437261726765,0.38377735655953005,71.6274169979695,780.0,528.0,836.0,549.0,637,0.07590843093653295,0.25801762753155233,0.5353831130121418,805.841906376336,545.123883544799,1.0034024613899302,-2.2796132429432903,-1.80851576101731,-2.66101235947329,-2.3591111983764903,0.0936389945787161,801.44739260893,547.914636896591,-1.3952542750908201,0.05828222486996492,0.03183541121547778,0.32443827920580415,0.5101651690573326,0,139.8,0.029628868733353714,-7.622444732756101,0.7455436395246603,0.029463193246700586
25,700,801.4599686028259,543.751962323391,0.5134707031083742,0.5820938710117195,0.6238045623826015,0.47164280858708657,0.3532681707345775,0.41431417160729295,75.4558441227157,778.0,524.0,836.0,548.0,637,0.128176034460906,0.5150624274937573,0.5592453952769837,803.123916789199,545.684944797214,2.4521769083067997,-2.4777815982532503,-1.74996839836121,-3.23202983491795,-1.1778297578294599,0.69416834852184,799.6452638429159,546.272557450385,-2.11853738805639,0.06361071279773375,0.037991583789054595,0.3088241036368501,0.5053284879277689,0,140.0,0.050030159403232466,0.4744664660533535,0.785392340090243,0.04933309653743409
25,701,800.671924290221,543.328075709779,0.5148827926341341,0.5601894021468115,0.6242587793165824,0.502873275231665,0.3469089371288563,0.4214520793993879,76.698484809835,777.0,523.0,835.0,548.0,634,0.1193086529284936,0.48952995962831214,0.5557166771937236,802.187609151887,546.174959424308,0.774674795362958,-2.55740526240331,-1.38940271602662,-3.2577317645160697,-0.7949098912164109,1.01284612154174,797.991396247748,545.884705988698,-1.6976540458057299,0.06593303679031397,0.04083795681674035,0.3020853262141122,0.5023223239925803,0,140.20000000000002,0.04656900917010381,-0.3298062717081685,0.7983265334386168,0.04639476539725037
25,702,798.4141732283471,541.924409448819,0.5358090332448597,0.5153820922170566,0.5910600902830729,0.6034722167186249,0.3634686791380225,0.379615892175109,72.3553390593274,773.0,525.0,831.0,548.0,635,0.3544690885642987,0.5099565655978587,0.6635114365503256,799.223278006521,546.519742375726,2.7427570686187597,-1.60495094100734,-0.548420674946529,-2.8555223249122994,0.591759570829684,1.41389088919009,796.208878564769,543.801644521097,-2.1850596375264097,0.06125992727519758,0.035211048338671,0.31568713985843855,0.4953268904848836,0,140.4,0.13835772872033536,0.313631816332549,0.7531203145697822,0.13615447152642288
25,703,797.401913875598,541.411483253588,0.5514515232415679,0.4812007741607431,0.5739098327289764,0.6720585457567742,0.36478944140641123,0.362142433405485,75.3553390593274,771.0,525.0,832.0,548.0,627,0.15130615197775066,0.48615470016744045,0.5705081680594656,798.156054800481,546.925918455269,0.8923125139460659,-1.08223570113141,0.115965342905602,-2.72885316047238,1.5174903837153102,1.65055672701038,795.8984223291291,542.448130038319,-0.613950024059595,0.058567197918779804,0.03215135680310405,0.3235980525651047,0.4973072706435822,0,140.6,0.05905839522945618,-0.4361269447256255,0.7843462195697822,0.05871150399610156
25,704,796.663507109005,541.2132701421799,0.5432832721196783,0.5091705508307961,0.5828412943487229,0.6483525114766742,0.4369695888837555,0.3782074881249651,72.52691193458121,772.0,525.0,831.0,548.0,633,0.10193967632194427,0.4671820095575362,0.547498257574253,798.287784938814,547.1286964751461,-0.18339918508182002,-1.30799837079642,-0.464265255430651,-2.83113141525922,1.27839993090094,1.0502981323481801,796.2634744566969,542.907751087778,0.46245921788845396,0.060335920083935145,0.03414599913203675,0.3183958979667263,0.5017687221651553,0,140.8,0.03978948387154484,-1.03376669893761,0.7549061540041996,0.03955136285808291
25,705,793.8588957055209,539.972392638037,0.5812909132996021,0.42926032483734106,0.5319866060876682,0.6536392338449991,0.5362720866510478,0.369835330989588,74.5979797464466,766.0,525.0,827.0,549.0,652,0.40891448940035335,0.5244920055705922,0.6915119561508607,793.7465753313651,545.923526019663,4.590718089181901,0.250814078011894,1.35582953628781,-2.17977452250046,1.91486848493641,0.311194815957524,791.393765013421,540.757367635606,-5.31442623609196,0.06083302567711183,0.03471702415130762,0.3169378455677276,0.5004971055931767,0,141.0,0.15960906555609541,0.771498175473655,0.7764631429181551,0.15947024704101637
25,706,792.273846153846,539.2692307692311,0.5794821061790725,0.42683263156268747,0.5320236006336845,0.6577553449197592,0.5772975122278541,0.37079165187943197,74.4264068711928,766.0,525.0,826.0,549.0,650,0.23120241040684805,0.5001565058003381,0.6083018327919344,793.527149612901,546.027623122547,0.151661497503841,0.21954157499977103,1.39250302862266,-2.1619901396722,2.04990684944736,-0.0695099787447284,790.549547521693,540.8779396801731,-0.696145015103675,0.06173233706707487,0.03576165455737035,0.3143046618229481,0.500899311389963,0,141.20000000000002,0.09024380802320868,0.0049299327106489,0.7746773034837378,0.09018194152181137
25,707,790.9954476479511,538.729893778452,0.5944124233418159,0.39855207630561046,0.49726387074296097,0.6037834272869066,0.5851545258445641,0.3687392287157,74.5979797464466,763.0,526.0,824.0,550.0,659,0.18500148369355865,0.49709402101955286,0.5866936565800219,791.149393285114,543.952448453625,3.1372479900170696,1.21312816998021,2.18853738981221,-1.5019534126715202,1.6318773026373898,-0.234912351411504,788.9072997023151,539.491270765172,-2.14523959988305,0.06083302567711183,0.03471702415130762,0.3169378455677276,0.499100688610037,1,141.4,0.07221048582093752,-0.091538337884085,0.7764631429181551,0.07218901163964218
25,708,788.816838995569,537.971935007385,0.59811682905634,0.41667586315562205,0.4855091901293214,0.5383921406576585,0.6568447133229375,0.362521212398252,75.9411254969543,759.0,526.0,823.0,550.0,677,0.30755919853290664,0.4897749438620439,0.6441269962505876,788.829682185679,542.549324659053,2.6869814818562996,1.6534428802723402,1.99082238644413,-1.26651023308987,1.01010429960638,-0.9798901845544841,787.5692970444819,539.0907114052011,-1.2565491526073798,0.05828222486996492,0.03183541121547778,0.32443827920580415,0.4974491991928531,0,141.6,0.1200476812475025,-0.322089268345618,0.7904434567869909,0.12001322611553064
25,709,788.1282442748089,537.5709923664119,0.5998632444721942,0.4383909431181475,0.4804659897639354,0.48093150083125913,0.6615913339290275,0.374169012379812,77.76955262170041,758.0,525.0,822.0,550.0,655,0.10624229672956122,0.5305497702150999,0.5492049877959692,789.3028164099969,541.114288025824,0.6381928236015401,1.89675533308054,1.70416856419885,-1.1569107200029098,0.321541958641242,-1.25498700148486,785.989807427374,538.36488701256,-1.6038420457241598,0.06044536398205731,0.03427132526019039,0.3180747364297618,0.5021631391120924,0,141.8,0.041468899105055836,0.9623177617756451,0.8094748873525727,0.040972541439095574
25,710,786.043276661515,536.814528593509,0.5922811259965783,0.4496408195051475,0.478115730113092,0.4745078490158054,0.6260715789406275,0.380673702976611,75.35533905932729,757.0,525.0,820.0,550.0,647,0.29572742369215865,0.47155129736057566,0.6385610189722251,788.185152108298,540.20591346348,1.4364550706820403,1.8656623598141,1.48360251737396,-0.980371268370814,0.15572334081678302,-1.04507191112656,785.303098959828,537.86589095242,-0.834374876930284,0.06129746100794094,0.03525464441518317,0.315577239847295,0.5008520970258836,0,142.0,0.11542945769428185,-0.896134133141865,0.7843462195697811,0.1153784879537735
25,711,785.2021772939349,536.409020217729,0.5834705354527325,0.47676591058156614,0.48646736858795997,0.40985951178176333,0.6261073964623575,0.40977743182785,75.35533905932729,756.0,523.0,819.0,550.0,643,0.12449972344247294,0.5160620919361065,0.5583018674010843,787.5203058468851,538.7254610734681,1.51748127783615,1.63661246979675,1.01793479702541,-1.00538838055597,-0.677898051503004,-1.29128150988902,784.394525989182,537.946239393831,-0.5402311006492829,0.06560303693576035,0.04042748499097104,0.30304035071041613,0.5043055759278194,1,142.20000000000002,0.048595207643009584,0.5059558959873549,0.7843462195697811,0.048547429540532705
25,712,784.7023460410561,536.290322580645,0.5864276249839467,0.5097982923441519,0.49677254436629925,0.3971410308801458,0.7477069209266638,0.407865866493126,76.76955262170041,756.0,522.0,819.0,549.0,682,0.06849757957169852,0.4657011637951987,0.5316359188671653,786.836282573967,538.578478818054,0.5946662844788628,1.5895911384892198,0.361876095611512,-1.357110832431,-0.7211716836144699,-2.21610627531017,783.7192088334219,538.091020867129,-0.31988981635081204,0.06560303693576035,0.04042748499097104,0.30304035071041613,0.5,0,142.4,0.026736236919179333,-1.0804133404512402,0.7990662523525727,0.02634293909640973
25,713,784.907496012759,536.202551834131,0.5734033913094321,0.5082693216339604,0.48770911807100803,0.39616082045242745,0.5231295828009055,0.4349391079387879,76.18376618407349,754.0,521.0,817.0,550.0,627,0.029751628103684136,0.8974865035009778,0.4906466533163013,786.9824914787739,536.759575869444,1.22916843480367,1.54723670067839,0.397853693519734,-0.885894562815609,-1.11131630146304,-0.69948957166346,782.69735156066,536.3576588298159,-1.97328173172208,0.06981080523424746,0.04580953192632797,0.29092819723592866,0.5042077682984871,0,142.6,0.011612769132649347,12.5208248602808,0.7929690151353638,-0.0077884458823799544
25,714,784.12893081761,535.776729559748,0.5829582086299083,0.5110884151503414,0.49370619995704756,0.4445280457867728,0.5874256732392561,0.41196458430589705,77.5979797464466,754.0,521.0,818.0,549.0,636,0.11832072214172665,0.14494654575875557,0.5552478626095653,787.092569941533,538.022344533592,-0.9611946890073579,1.56997667813144,0.291306876887916,-1.25331728460793,-0.453340953243128,-1.16765935201109,782.5549628582139,536.512428447812,0.0165362457385201,0.06679647428691966,0.0419213325489054,0.2995905829901462,0.4969856690526722,0,142.8,0.04618339625151732,-11.1841838085992,0.8076890479181551,0.046004387798614786
25,715,782.758899676375,534.985436893204,0.5787242331149979,0.5111447259965631,0.48400524400602374,0.464371926897444,0.5119643355503053,0.42228014458804,75.76955262170041,753.0,521.0,816.0,549.0,618,0.21095041701066133,0.5036953782674671,0.5983327917887056,786.0248645608659,536.8835695143,1.56063703971383,1.7202427908709899,0.256657235649789,-0.95356164551503,-0.37434363524071607,-0.4497303207299,782.145337567572,534.813654862481,-1.5126214004329601,0.06771931364911682,0.04309422568987148,0.29693076697327614,0.5009228393621972,0,143.0,0.0823389725981943,0.1164044154252155,0.7886576173525727,0.08188081263409538
25,716,781.2808112324491,534.274570982839,0.5719116870669442,0.507338721185628,0.4645631210429844,0.5110213603311756,0.37152158894435006,0.40861323766059704,74.5979797464466,751.0,522.0,813.0,549.0,641,0.21868600689213066,0.48801821905570725,0.6024367534563806,784.517801978027,535.016859562411,2.3893947550087997,2.02122500327493,0.28503433480783197,-0.395267973610335,-0.0517395817653916,0.8333616975328499,781.145462880912,532.57526975732,-2.25832134924025,0.06652766817855217,0.041582600530419345,0.3003666163600214,0.49880835452943534,0,143.20000000000002,0.08535835759068276,-0.37742609974522145,0.7764631429181551,0.0852981438239844
25,717,780.37639553429,533.7336523126,0.5787148783846837,0.5154730178471746,0.46742774886889205,0.5554829149461923,0.4411394734945753,0.368527763301415,78.254833995939,750.0,522.0,815.0,548.0,627,0.140510862396412,0.5144017140441037,0.565038815337765,785.1646697759129,535.538732953803,-0.829642760847518,2.1001934559891002,0.0734199010541044,-0.6430111013428821,0.545019160981437,0.40500963353455893,780.916667253077,532.245376789686,-0.38914107648687696,0.06173233706707487,0.03576165455737035,0.3143046618229481,0.4952046688885227,1,143.4,0.05484473656206188,0.45365399238926696,0.8145260040493204,0.05415722421527685
25,718,778.229166666667,532.8764880952381,0.57329566863434,0.507294257459767,0.4493559365642935,0.5505235314144338,0.39907667038837413,0.38507165206868604,72.18376618407349,749.0,523.0,810.0,548.0,672,0.308266041103216,0.4747303954354638,0.6444936655590925,781.5639259324901,533.919766935429,3.6918842014752298,2.4138713376160097,0.23652864986493,-0.0954194350839234,0.468326299327868,0.9228070128244591,779.818841516321,530.985764977596,-1.6599763740828701,0.06307368676019265,0.037347430669664006,0.310388291258059,0.5013413496931177,0,143.6,0.12032357873968427,-0.7959925437828901,0.7513344751353638,0.12031854828123181
25,719,777.9324960753529,532.869701726845,0.5811386920855225,0.5089332475434301,0.4468223731506359,0.5375397028678597,0.4265249019435271,0.364342263251329,74.35533905932729,749.0,524.0,812.0,548.0,637,0.03956642674371653,0.44334260490463284,0.5174781840209925,782.6312225666201,534.46507052689,-1.1335758954563602,2.61103759499081,0.28671457140754203,-0.166130276548775,0.367958598757414,0.6320096197147641,780.480071813128,531.332194962762,0.715452681436422,0.05910893697140487,0.03275613253551596,0.32200233620400615,0.4960352502112122,0,143.8,0.015443718830357594,-1.7847079455040649,0.7739375845697811,0.014553923314638405
25,720,777.740384615385,532.8926282051281,0.5674462809463958,0.5396386024433472,0.4472101390527891,0.45485904336972843,0.5262256354035335,0.371443290797142,75.9411254969542,746.0,523.0,811.0,548.0,624,0.0257966187130552,0.47751606004041747,0.5106922663123071,780.85091946104,532.442599899673,2.6911081037222098,2.53557350844931,-0.251030123186163,0.0773443135600988,-0.4729290370528039,-0.30698777590088894,778.545261848454,531.020753791376,-1.55576748793178,0.0596160603537184,0.033327196898470246,0.32051046034556546,0.5005071233823135,0,144.0,0.010069034759163188,-0.70824410872685,0.7904434567869898,0.00890335196048433
25,721,779.982567353407,533.9508716323301,0.5861858440625033,0.49387439717617304,0.4482279738312341,0.47142640965382493,0.45449794936143023,0.362457850582184,75.0121933088197,750.0,524.0,812.0,548.0,631,0.33058231671203464,0.09018388061849676,0.34543701698306684,783.697233783431,534.2508571798401,-3.23971162778539,2.6216361562893997,0.714995939599095,-0.21198795779486498,-0.26684554183101394,0.106487904597218,779.293967375304,532.459948902528,1.5700985443149098,0.059958889537116235,0.0337159508629552,0.31950294872114393,0.5003428291833978,0,144.20000000000002,0.1290341526834912,-12.90920776051735,0.7807745407009465,-0.12870317645176418
